,userID,username,ranking
18122,412528,Bo X1 Lai,Gold
12894,253600,hhoot25,Platinum
41800,1123506,MN Myokish,Silver
48040,1309546,svklsnvlk,Silver
68296,1921502,Osenhor1,Bronze
36304,958510,sidestep stevie,Silver
14317,298523,Grandpa Haolin,Gold
26545,664551,The Alpaca Lips,Gold
26428,661534,russianbear252,Gold
53486,1471592,Ohmii,Silver
8044,109550,DieNastyy,Platinum
31809,823515,MOF Battery,Silver
67821,1906527,Aquarianaries,Bronze
26408,661514,HevansNight,Gold
49522,1354528,PureLivid,Silver
29200,745506,iFish,Gold
48992,1336598,JamesTheDirector,Silver
14850,313556,Sinners Club,Gold
16054,349560,Paradoxicide,Gold
4812,13518,KJ11,Diamond
30571,784577,Dr Knuckles,Gold
44266,1195572,Rapter500,Silver
67994,1909600,oslElliot,Bronze
61694,1720600,PJ Smiles,Bronze
51276,1405582,NealDon,Silver
49008,1339514,AFS Yin,Silver
14002,289508,sanlinevate,Gold
7250,85556,Azerthouskekw,Platinum
1292,1298,Disconnector,Master
67370,1891576,Jamsconics,Bronze
1014,1020,Hu Jiao Xiao Yao,Master
3668,3674,nonbreath oblige,Master
32664,847570,Youre Aporoble,Silver
28256,715562,Lemenear,Gold
51497,1414503,IxtalUnshackled,Silver
30638,787544,N1kola,Gold
37732,1000538,Traaailz,Silver
7913,106519,Run its Rumble,Platinum
31841,823547,Hii im Leo,Silver
62768,1753574,RoGeR48,Bronze
36765,970571,iSubb,Silver
37047,979553,Dmers,Silver
43709,1180515,Epictetus 369,Silver
58376,1621582,Weststeel,Bronze
56087,1552593,1slice1kill,Silver
26360,658566,Sheezuss,Gold
57322,1591528,Pepega Sniper,Bronze
12627,247533,Top lsland,Platinum
38232,1015538,IanChi0426,Silver
33054,859560,Good Grammar,Silver
56425,1564531,CapinCrunch4599,Silver
5659,37565,Dr LucianØ,Platinum
39498,1054504,Black magic Yu,Silver
21122,502528,SKT T1 Faker NA,Gold
16743,370549,MakeUrMoneyWrk4U,Gold
3771,3777,joshloveskaka,Master
10166,172572,j46332,Platinum
21087,499593,nubam,Gold
33553,874559,iWillShoRyuKen,Silver
30431,781537,xCapitalise,Gold
46987,1276593,Bahrush Jatief,Silver
50872,1393578,Gojin,Silver
34325,898531,Cinnabuns,Silver
33264,865570,Stevorama1234,Silver
5979,46585,Catleia,Platinum
50188,1372594,goward,Silver
26164,652570,Doubledick,Gold
43724,1180530,FatalBytes,Silver
31742,820548,Fienale,Silver
10108,172514,DeathReaperX99,Platinum
64635,1810541,SneezySquad,Bronze
4104,4110,DavaiDolbiNogoi,Master
65970,1849576,WaishTolo,Bronze
5168,22574,BillhJgFjD,Diamond
35702,940508,Rick Whitefreeze,Silver
8084,109590,Im unvaccinated,Platinum
57937,1609543,XBLOKXHEADX,Bronze
12522,244528,Octtavius,Platinum
30523,784529,fafsadotgov,Gold
23971,586577,oOKidBuuOo,Gold
51082,1399588,Anthomyst,Silver
62941,1759547,TriSci,Bronze
2536,2542,jeromel,Master
46060,1249566,Andriis,Silver
36301,958507,PD Zaetoz,Silver
35737,940543,turte beachs,Silver
26585,664591,Godly Thresh,Gold
66874,1876580,Fearxed,Bronze
27632,697538,Ole Mike,Gold
66674,1870580,Ryokart,Bronze
51132,1402538,Isuine,Silver
58744,1633550,NeatTitties,Bronze
13607,277513,Purple Monarch,Gold
21674,517580,FlawlessErr,Gold
30331,778537,SUPCantSaveADC,Gold
4178,4184,Mfe1,Master
15353,328559,SrA Snuffy,Gold
29859,763565,AsuXion,Gold
15865,343571,Caviar Star,Gold
10567,184573,Thordag1,Platinum
66848,1876554,sovietblin,Bronze
62019,1732525,scorege12345,Bronze
16803,373509,sweatybuns,Gold
53501,1474507,Putita,Silver
34975,916581,UR ARE 167,Silver
67102,1885508,Jeweliett,Bronze
53390,1468596,v Krazed v,Silver
62812,1756518,twistedteayaface,Bronze
30260,775566,SpecialCrow94,Gold
22499,544505,Chungus Butterer,Gold
46555,1264561,lazycat44,Silver
26310,658516,butter and salt,Gold
10340,178546,Husky90,Platinum
47644,1297550,Endyne21,Silver
27569,694575,MindCemetery,Gold
66412,1864518,RustyFear,Bronze
35109,922515,WARLORD COLOSSUS,Silver
14454,301560,Hector Lavoe,Gold
45478,1231584,Azesha,Silver
39533,1054539,TheUndertaker13,Silver
66013,1852519,MET939,Bronze
67153,1885559,Angelremora,Bronze
46314,1258520,calIum,Silver
14033,289539,Blessed Bae,Gold
15838,343544,Rengar must win,Gold
69835,1966541,JustRout,Iron
12541,244547,FeelsTopLaneMan,Platinum
60124,1675530,pikkajuu,Bronze
54656,1510562,Ur Ddy,Silver
54766,1513572,why r u chasing,Silver
47052,1279558,TrulyHairyMary,Silver
67410,1894516,RU lost babygirl,Bronze
63610,1780516,RadicalAlpha,Bronze
63319,1771525,ZigarotB,Bronze
52242,1435548,Hydrinox,Silver
10704,190510,Darknam17,Platinum
1326,1332,MaskedZero,Master
33725,880531,Firè,Silver
19927,466533,Xincero,Gold
33534,874540,Pie21,Silver
23231,565537,PunchLightWing,Gold
66434,1864540,Donkey Bonk,Bronze
24505,604511,YUUMI COOMIES,Gold
5455,31561,DBZ main,Diamond
69545,1957551,sauce2hot,Bronze
34108,892514,FriedPlickle,Silver
67085,1882591,Krupted69,Bronze
60879,1696585,mcmerrillm8,Bronze
66749,1873555,OHDIRTYDAVE,Bronze
48090,1309596,alphastarpilot,Silver
54951,1519557,eRuMTernence,Silver
50752,1390558,wickedspiff,Silver
17709,400515,oorraannggee,Gold
40551,1084557,NEC Brolfo,Silver
30135,772541,TSM Ducks,Gold
38161,1012567,SnazcF TTV,Silver
56214,1558520,Captain Valen,Silver
55993,1549599,tjd1657,Silver
57297,1591503,TheNoodleComplex,Bronze
24499,604505,Lies Me Not Here,Gold
29719,760525,Horny BuII,Gold
35094,919600,2DollaMakeUHolla,Silver
32186,832592,Kamala SUS,Silver
64558,1807564,Soakleaf,Bronze
39651,1057557,Xiyy big fan,Silver
2890,2896,Nerner KAT,Master
35154,922560,SawconDeazNuts,Silver
24096,592502,theJway,Gold
16643,367549,Matra Magic,Gold
99,105,Karhus,Challenger
18141,412547,Kawaìí,Gold
28630,727536,save mayuri,Gold
6342,58548,Åcë,Platinum
44372,1198578,Butoeianu,Silver
30429,781535,Chad 420 69 FF15,Gold
68703,1933509,TxD Elias,Bronze
14096,292502,Mika Hyakyua,Gold
50381,1378587,FukaJones,Silver
5315,28521,4EvaSolo,Diamond
12710,250516,Bravø,Platinum
46222,1255528,titty bender,Silver
8605,127511,Gambas Pasta,Platinum
35998,949504,WoodChuckFever,Silver
47807,1303513,FreakAZzzoid,Silver
22985,556591,D4L Meepmeister,Gold
48401,1321507,Luckylouis13,Silver
33161,862567,Yamimizu,Silver
2860,2866,Zoou,Master
63976,1789582,Cethorodehad,Bronze
24643,607549,Easy Breeze,Gold
11145,202551,Eiyad,Platinum
46058,1249564,Iron wifi,Silver
6176,52582,Krazznots,Platinum
9126,142532,Maat Ba,Platinum
67740,1903546,Shotta Toe,Bronze
47079,1279585,XiieRylle,Silver
38414,1021520,volume two,Silver
49025,1339531,CaptainJackuoff,Silver
1402,1408,I Feel Lucky,Master
32399,841505,russthabuss,Silver
17339,388545,AlbinoSpringRoll,Gold
53036,1459542,rxby,Silver
48070,1309576,No Role Modelz,Silver
2440,2446,Star Eliminator,Master
18450,421556,i play supp now,Gold
54992,1519598,NotBrenam,Silver
21255,505561,Juhstynnnn,Gold
25577,634583,Ddadtddb,Gold
19663,457569,IDURIK,Gold
9498,154504,Star King,Platinum
1208,1214,Corpse Draven,Master
24127,592533,MightyBokChoy,Gold
13278,265584,Ziken,Gold
68029,1912535,BotatoBoy,Bronze
7672,97578,RWEQX,Platinum
55986,1549592,BMoRz,Silver
13352,268558,TheCoolGuy360,Gold
2090,2096,Sosig,Master
59193,1645599,Salty Anarchist,Bronze
26423,661529,SYGsigh,Gold
67729,1903535,HIZNBRG,Bronze
54663,1510569,Very Adequate,Silver
60694,1690600,Sb Tr2y,Bronze
40889,1093595,I c shadow,Silver
18043,409549,MarcLeGrosBS,Gold
58963,1639569,itsdrewnow,Bronze
3873,3879,TheUrfGoesWurf,Master
46933,1276539,Solomasterwu,Silver
65826,1846532,Shanetrain,Bronze
843,849,Ning Hai,Grandmaster
61807,1726513,AtomicBrows,Bronze
29790,760596,TheBlàckHokàge,Gold
63469,1774575,LittleKidLover18,Bronze
40264,1075570,ctxo4,Silver
234,240,Mojo Jojo,Challenger
38575,1024581,Rembrandt,Silver
38190,1012596,Rübzïe,Silver
25152,622558,Yoko Yoko,Gold
62796,1756502,Riofrio09,Bronze
22804,553510,Go Figure,Gold
22895,556501,Apocalypse715,Gold
40538,1084544,PapaXSmurf,Silver
8437,121543,cc99cc,Platinum
22368,538574,Embrace Love,Gold
4544,4550,Taste of You,Diamond
8322,118528,HarryPotter6969,Platinum
55442,1534548,Anexx,Silver
4232,4238,winshugely,Master
24471,601577,Vantasin,Gold
43166,1162572,Deathyron,Silver
52873,1453579,George W Kush,Silver
42336,1138542,Bubbls,Silver
11698,220504,RMC chign0t,Platinum
35829,943535,Pumped Up Kìcks,Silver
16573,364579,DaitoYoshi,Gold
67424,1894530,Bubzs88,Bronze
32617,847523,NaturalNoPlastic,Silver
69856,1966562,oOwonkabarOo,Iron
52699,1450505,aceagate,Silver
9819,163525,woshangdanxiexie,Platinum
14301,298507,SnaggingTomb,Gold
26331,658537,Merethiel,Gold
43775,1180581,wakapeezy,Silver
19530,454536,Cakeman117,Gold
4988,16594,Br0kxn,Diamond
40290,1075596,artezx,Silver
34005,889511,uMadNinja,Silver
52974,1456580,Thundergamer160,Silver
50692,1387598,Away Myxagain,Silver
33806,883512,RangerzRulez,Silver
28905,736511,IcyFroFro,Gold
32547,844553,Niallon,Silver
67660,1900566,Horse Tranqs,Bronze
8831,133537,Zhan Di Ji Zhe,Platinum
38207,1015513,der König,Silver
34978,916584,Zaidith,Silver
42690,1147596,Ykenneend,Silver
13119,262525,The Wukong Dong,Gold
63986,1789592,Jama180,Bronze
31550,814556,Sanvy,Gold
35456,931562,LASERCUT FIGURS,Silver
24320,598526,MastHurBateOr,Gold
51357,1408563,Redaeva,Silver
50915,1396521,gorgeousashley,Silver
56484,1564590,LeagueSucksBalls,Silver
17395,391501,TheRealAuntHuni,Gold
26966,676572,Erinaceinae,Gold
7473,91579,Let Us Prey,Platinum
1504,1510,IronTissue,Master
49145,1342551,Lunće,Silver
32079,829585,I Gemini I,Silver
59068,1642574,Roast Potato,Bronze
8356,118562,kofyagami2k2,Platinum
48235,1315541,Hooker Bot,Silver
13809,283515,BETTER PLAYER 16,Gold
26720,670526,VinWind,Gold
54452,1504558,Orplar,Silver
47076,1279582,teddybutnotbear1,Silver
69678,1960584,EKENS200,Bronze
32514,844520,ZR0WS,Silver
18590,424596,Skadı,Gold
30822,793528,GGP913,Gold
62301,1741507,EduardoDP758,Bronze
55601,1540507,dragongeo100,Silver
38849,1033555,Kayoung24,Silver
51993,1426599,TDS10K HydroKing,Silver
28638,727544,DopeCocaine,Gold
37125,982531,Seamus O,Silver
6600,67506,8 1 20 5,Platinum
10326,178532,Thranos,Platinum
31360,808566,Katarina ls Fed,Gold
18943,436549,Stralizia,Gold
24445,601551,Le Moyen Cork,Gold
15231,325537,AWKWARDtreefrog,Gold
395,401,Becalmed 1200,Grandmaster
28254,715560,IC SOOAH,Gold
17153,382559,xX5h4d0w5n1p3rXx,Gold
20034,469540,hwaryn,Gold
16133,352539,InfamousFalcon,Gold
30460,781566,funsion doctor,Gold
37419,991525,tom mao mao,Silver
31106,802512,trenpapi,Gold
38415,1021521,Put Da X In Sex,Silver
25094,619600,SuperBigMario,Gold
61506,1717512,StillnessMove,Bronze
59111,1645517,TEEEEmo player,Bronze
7332,88538,Dreamscapes,Platinum
28643,727549,MushroomS4mb4,Gold
48014,1309520,Suik3n,Silver
32792,850598,BootiePics,Silver
8110,112516,tbbzlk,Platinum
6916,76522,TRL,Platinum
34404,901510,KnownTricks,Silver
2729,2735,DEEE DOOOOSE,Master
33911,886517,Astr0labe,Silver
69404,1954510,zoonall,Bronze
33206,865512,dorkdude2,Silver
63964,1789570,EpicLemonFTW,Bronze
31042,799548,kxrop,Gold
39816,1063522,OrganicMeatMan,Silver
2120,2126,Piqueos,Master
2253,2259,È Lóng Páo Xiào,Master
65268,1828574,A Balenced Champ,Bronze
35139,922545,laggylarry27,Silver
2346,2352,Mercurial,Master
3548,3554,Dotix,Master
40021,1069527,Kroimoke,Silver
48424,1321530,DPX69,Silver
1831,1837,synchronetta,Master
7599,97505,Chusman,Platinum
16329,358535,king worm,Gold
47041,1279547,Lick My Shadow,Silver
41687,1117593,SiriusFaze,Silver
28981,736587,golden89,Gold
53075,1459581,Super Legue,Silver
26339,658545,TrickyHayzz,Gold
16083,349589,Nerf BanhMi,Gold
12445,241551,Jisoo is Boo,Platinum
46182,1252588,lsmyvy,Silver
18129,412535,Gogeta Job,Gold
65843,1846549,McWoot,Bronze
55827,1546533,Velotix,Silver
54282,1495588,Trashcan012,Silver
64817,1816523,1Babyboy,Bronze
68579,1927585,slayerbount,Bronze
50340,1378546,Thresh Misses Q,Silver
39260,1045566,MyBussy MyChoice,Silver
38694,1027600,Riszucsu,Silver
68351,1921557,dannybeck28,Bronze
23938,586544,CyberCringe,Gold
51150,1402556,blewberri,Silver
62746,1753552,NotLongJustTemp,Bronze
30258,775564,Sariel ALan,Gold
49356,1348562,ThunnderBuddy,Silver
48765,1330571,omegawolf88,Silver
49227,1345533,JosephArc,Silver
8508,124514,Parteek,Platinum
24299,598505,Pluto reformed,Gold
20992,496598,Zinorino,Gold
54158,1492564,WonkierCracker69,Silver
58691,1630597,Pikle1010,Bronze
8280,115586,Younan,Platinum
2006,2012,PIant based,Master
13448,271554,MyLifeIsABeauty,Gold
43529,1174535,Yoslo,Silver
23983,586589,un chido mexican,Gold
44748,1210554,issamurky,Silver
46321,1258527,karinaaa,Silver
18761,430567,Vampyresquid,Gold
54225,1495531,Penguin Launcher,Silver
13214,265520,xMagicNoob6t9x,Gold
29248,745554,iliketoeatbao75,Gold
47618,1297524,Broke Boy Tyler,Silver
14478,301584,Joseph2Joestar,Gold
58064,1612570,Tron8001,Bronze
4623,7529,Shawner,Diamond
36354,958560,Chills765,Silver
38868,1033574,BHISCUTEATER,Silver
68578,1927584,The Mandasnorian,Bronze
44494,1201600,euw inter 99,Silver
61978,1729584,Lil Neeks,Bronze
65200,1828506,scgleader,Bronze
3039,3045,LUCIFERˆ,Master
6925,76531,Kipo Oak,Platinum
33952,886558,ApolloAdama,Silver
11065,199571,ZZiggs,Platinum
31582,814588,proaustin01,Gold
20757,490563,Yogbee,Gold
12026,229532,ok ily alot,Platinum
66838,1876544,abittyminnie,Bronze
68247,1918553,yourfavfox,Bronze
56344,1561550,elfudgey,Silver
24207,595513,chrispy3214,Gold
67694,1900600,Lazertitguy,Bronze
50740,1390546,glennux,Silver
54856,1516562,MustBeNiceBro,Silver
40649,1087555,ceo of jax,Silver
41869,1123575,A Stupid T0P,Silver
5215,25521,dan bitz,Diamond
1660,1666,upset222,Master
3244,3250,payaam,Master
31461,811567,Younng,Gold
6546,64552,Airbnb 4 Jnglers,Platinum
63110,1765516,BalboKa,Bronze
68603,1930509,whiteboi carti,Bronze
23788,580594,BlanklyIsCute,Gold
29363,748569,xemuy,Gold
65542,1837548,xJuanMexicanx,Bronze
69232,1948538,xXxVALKYRIEx,Bronze
2591,2597,Flay Mígnon,Master
38429,1021535,omgomgpooppee,Silver
60637,1690543,FerretPewPew,Bronze
12192,232598,Yasuo IRL,Platinum
55068,1522574,loltrollqw,Silver
66096,1855502,BamBamLam,Bronze
8034,109540,Nami Roll,Platinum
45864,1243570,Kkondae Intern,Silver
35323,928529,CanadianJerry,Silver
39590,1054596,xWoodLeagueHerox,Silver
29531,754537,my support suc,Gold
39618,1057524,M1dgapp,Silver
28033,709539,JP16JP16,Gold
22057,529563,kj77,Gold
33878,883584,Utility ADC,Silver
60753,1693559,LorintaHikashi,Bronze
49844,1363550,GoingHam808,Silver
59204,1648510,Lexpresso,Bronze
14853,313559,Worldlinnova,Gold
31891,823597,afqojju,Silver
39097,1042503,TJ Nation,Silver
23098,562504,Zësty,Gold
20424,481530,Busterwolf,Gold
64576,1807582,UItîma,Bronze
28619,727525,Disgustifuq,Gold
24778,610584,GoodWick,Gold
64587,1807593,RedWarren,Bronze
65289,1828595,BeastSlayer,Bronze
38205,1015511,TastethySalt,Silver
15824,343530,lllllIIIlllII,Gold
34356,898562,IndecisiveJew,Silver
35412,931518,oh0710,Silver
32454,841560,Lord Alkanphel,Silver
54016,1489522,mgkc,Silver
65056,1822562,Junior888,Bronze
1647,1653,gutguy10,Master
10634,187540,HolyRoll,Platinum
53580,1474586,theblaqman,Silver
43875,1183581,Hileenas,Silver
17717,400523,CBkooch,Gold
7510,94516,Respen,Platinum
68524,1927530,yaboiSQUINTY,Bronze
66943,1879549,Zarbrothhh,Bronze
39695,1060501,Vermeerman,Silver
62283,1738589,USMC1218,Bronze
30934,796540,Defulaha,Gold
16928,376534,FOX209ER,Gold
3280,3286,Birmi,Master
54386,1501592,xunling,Silver
63585,1777591,SOGwolf,Bronze
22990,556596,Botlaneintgame,Gold
33973,886579,Jungwayb,Silver
31373,808579,Bruce Janna,Gold
60449,1684555,SlyOps,Bronze
43755,1180561,NotRuined,Silver
27420,691526,C00GI,Gold
6284,55590,Embosom,Platinum
50446,1381552,lionblaze75,Silver
10256,175562,misterhappyfac69,Platinum
32078,829584,A Classy Gamer,Silver
51522,1414528,stixx,Silver
949,955,Predmyster,Grandmaster
43924,1186530,pepercorn123,Silver
40702,1090508,Mewlan,Silver
5552,34558,1996 10 30,Platinum
65195,1828501,Femifeb8,Bronze
18304,418510,luube,Gold
43770,1180576,VampireLion78,Silver
11392,208598,Danishbahbah,Platinum
36922,976528,WeaselLeaguer,Silver
56580,1567586,crook143,Silver
34457,901563,Colonel Fraust,Silver
12125,232531,uTrace,Platinum
11943,226549,Vel Goz,Platinum
15304,328510,devoice,Gold
61376,1711582,höt,Bronze
60877,1696583,Spidey2kx,Bronze
32148,832554,Sikreaper3,Silver
16642,367548,Roldyyy,Gold
62621,1750527,Treiice,Bronze
36443,961549,Just Chacne,Silver
38098,1012504,Deceitfül,Silver
51430,1411536,Supabuck,Silver
68423,1924529,McGoat2,Bronze
6062,49568,i Iike u sm,Platinum
56841,1576547,JJXDGG,Bronze
12145,232551,Malphite Me Br0,Platinum
55669,1540575,Kamol,Silver
44820,1213526,boogleoboo24,Silver
12501,244507,THEBEAST7000,Platinum
62014,1732520,JLKaras,Bronze
4734,10540,SauceAddict,Diamond
17972,406578,Chad Boomer,Gold
59175,1645581,xSaladrawr,Bronze
38564,1024570,Spatelmiller,Silver
44061,1189567,AsianChump,Silver
40855,1093561,ZackeryC,Silver
47880,1303586,GunarixTheGawd,Silver
61980,1729586,NewAndImproved,Bronze
39547,1054553,nutessa88,Silver
64008,1792514,yousmash,Bronze
27961,706567,Proxxies,Gold
37965,1006571,TheBigJoni,Silver
28471,721577,comfycorners,Gold
65612,1840518,xBabyJesus,Bronze
65503,1837509,ZazuBrainzap,Bronze
31019,799525,Rosé BP,Gold
20829,493535,War Damn Eagle,Gold
6865,73571,Your Babe,Platinum
38572,1024578,Snaily Snail,Silver
34693,907599,BB Scylla,Silver
32694,847600,Jijctaja,Silver
61560,1717566,PetitDieu,Bronze
55169,1525575,RogerSmth,Silver
60979,1699585,BrapBraaaaaap,Bronze
25213,625519,Kaiser253,Gold
45726,1240532,QueenSupple,Silver
4901,16507,Ulloa,Diamond
6732,70538,kscphdtc,Platinum
5937,46543,LilTop,Platinum
93,99,Pobelter,Challenger
57389,1591595,Bøgos,Bronze
47054,1279560,Rgo27,Silver
25558,634564,Iteridef,Gold
67914,1909520,Psykk,Bronze
16340,358546,OrangeHood97,Gold
839,845,rinnegan mid,Grandmaster
55054,1522560,CrogChamp,Silver
54602,1510508,ImPeeing3,Silver
10092,169598,Baarhyn,Platinum
950,956,TTV SaskioLoL,Grandmaster
58687,1630593,kraftep,Bronze
6643,67549,The Cúmé Lord,Platinum
34273,895579,Kyungmoney,Silver
44398,1201504,MrYisus529,Silver
54821,1516527,Jeovella,Silver
22752,550558,OneGreenDonut,Gold
19240,445546,Frost KEKW,Gold
41766,1120572,lllllDeathlllll,Silver
57745,1603551,ßøner,Bronze
49181,1342587,GennoskeYama,Silver
39275,1045581,Moopninja,Silver
68815,1936521,p0ssiblymike,Bronze
19201,445507,pbHypnotiCk,Gold
66193,1855599,OriannaGrande1,Bronze
53300,1468506,jesmo,Silver
26247,655553,Pls Dont Ult Me,Gold
20943,496549,Overpaid Coach,Gold
45056,1219562,Sailor Mystic,Silver
51199,1405505,FearTheWhite,Silver
50836,1393542,Tèémò,Silver
15162,322568,better myself,Gold
68595,1930501,Pokemonster929,Bronze
31458,811564,iamjasonLUL,Gold
37109,982515,MrFelon,Silver
69085,1942591,μdýr,Bronze
49954,1366560,xlizardwizard69x,Silver
8598,127504,LittleDazai,Platinum
49312,1348518,BleachOverLoad37,Silver
27990,706596,Eelone,Gold
7207,85513,Aegis Fate,Platinum
68662,1930568,iSlayre,Bronze
59399,1654505,oHinds,Bronze
36016,949522,Sussy Pantheon,Silver
61912,1729518,JadeX,Bronze
64223,1798529,Yuubee Enjoyer,Bronze
13269,265575,JayBanger,Gold
1126,1132,SOUPKITCHENCHEF,Master
63788,1783594,italian slommy,Bronze
33915,886521,MitBlade,Silver
68433,1924539,BallethGageth,Bronze
37102,982508,ANCHORbyTHEPIER,Silver
6946,76552,LambertkWaOcB,Platinum
53499,1474505,Noobdave,Silver
55688,1540594,Sen Blades,Silver
63689,1780595,Axtgamer,Bronze
49683,1357589,Bean Wizard,Silver
5932,46538,o0OepicO0o,Platinum
36615,967521,CrackerChap,Silver
11624,217530,CoffeeHouseMike,Platinum
7304,88510,Way Life Goes,Platinum
10678,187584,Egypt Booty Clap,Platinum
34177,892583,Stepbró,Silver
18594,424600,Dyslexic Chaos,Gold
6217,55523,lol chiken,Platinum
20981,496587,Ch1mpp,Gold
19243,445549,regdard,Gold
8062,109568,tempxfndiwxmnofx,Platinum
12974,256580,ChiseledChad,Gold
64876,1816582,KalistaHERE,Bronze
39484,1051590,KDA Stonerology,Silver
64722,1813528,Mozivo,Bronze
63463,1774569,MoogleGoogle,Bronze
57911,1609517,TalkingBagel,Bronze
22371,538577,Soul King,Gold
50309,1378515,Gfry,Silver
47734,1300540,Cojutae,Silver
19472,451578,Mì Ly Omachi,Gold
23152,562558,Magiphant,Gold
45025,1219531,itsSuavee,Silver
34340,898546,InProgressGG,Silver
20708,490514,SquatForSnacks,Gold
21950,526556,rod stewart,Gold
62884,1756590,accoyliv,Bronze
15396,331502,Paudfather,Gold
62652,1750558,Kabonk,Bronze
12518,244524,Incite,Platinum
33586,874592,Meltzyourface,Silver
57306,1591512,gGdUpton,Bronze
52981,1456587,Syzoltoss,Silver
50908,1396514,Wrryy,Silver
6049,49555,Chicken Go Bawk,Platinum
28761,730567,milkmochi,Gold
39025,1039531,Wear the hat,Silver
69072,1942578,JGDIFF7,Bronze
13497,274503,Masked League,Gold
2267,2273,Samy Losechester,Master
65804,1846510,Snowblind84,Bronze
29281,745587,Tooltips,Gold
6075,49581,Kvarsittning,Platinum
25983,646589,D3athWav3,Gold
33335,868541,Kyu Jun,Silver
22478,541584,my name is jalen,Gold
17304,388510,OnlyPlayLeona,Gold
30515,784521,FourtyEight,Gold
43653,1177559,EDG FIGHTING,Silver
48321,1318527,LewdFood,Silver
50353,1378559,WatchTh3mFlee,Silver
47693,1297599,SolomondNn,Silver
69420,1954526,Lexus367,Bronze
3966,3972,Noctal,Master
8465,121571,TakingDaHobbits,Platinum
58006,1612512,peterr515,Bronze
20787,490593,Vaphmir,Gold
69953,1969559,520MrFluffy,Iron
16482,361588,JohnnyPlease,Gold
13149,262555,Billy Suh,Gold
60784,1693590,hergonomia,Bronze
20722,490528,100DOMO,Gold
1771,1777,Mdtiowe,Master
8060,109566,fiiee,Platinum
53320,1468526,meeesles,Silver
5385,28591,DeoxyCozy,Diamond
61975,1729581,manwithtestes,Bronze
41810,1123516,Sh00ky,Silver
50880,1393586,Und3rHope,Silver
66694,1870600,Billabongtv,Bronze
36028,949534,Royal Shade,Silver
53467,1471573,Shibbs,Silver
9186,142592,ˆYuu n Miˇ,Platinum
1461,1467,rkolde,Master
57514,1597520,Operation AOT,Bronze
18973,436579,Caranorht,Gold
49388,1348594,Apple No Tnx,Silver
51143,1402549,TheSimicSlaw,Silver
45368,1228574,Mitsukuni93,Silver
50790,1390596,JustHamster,Silver
355,361,JungIe is weak,Grandmaster
12406,241512,Reported,Platinum
16579,364585,ceoxqe,Gold
37496,994502,Rhett,Silver
41787,1120593,ForFunRegionKEKW,Silver
41990,1126596,G2 Lombriz,Silver
25046,619552,SheepZeng,Gold
18598,427504,Peañuts,Gold
61703,1723509,Lillia in Heat,Bronze
16970,376576,veldious,Gold
41495,1114501,StellaCaduca,Silver
21681,517587,Rengexist,Gold
29516,754522,BrookingBod,Gold
30519,784525,l int ur game,Gold
61524,1717530,GhostGamer24,Bronze
1820,1826,Maulface,Master
66666,1870572,DaddyEddy17,Bronze
46988,1276594,MURDAFACE,Silver
44536,1204542,lIllIIIllIll,Silver
45365,1228571,Barrack MoBamba,Silver
30196,775502,CorkNuts,Gold
52344,1438550,chairrrrr,Silver
40980,1096586,ENO NEKAWA,Silver
22741,550547,MagicalBeanDip,Gold
18614,427520,SpicyMami,Gold
8840,133546,Medkar,Platinum
5038,19544,qi wei lie ren,Diamond
68227,1918533,SilllySamm,Bronze
36498,964504,ShowerInMySocks,Silver
7016,79522,Coso coach,Platinum
4030,4036,tramkamm2,Master
48246,1315552,BetaOmeediatly,Silver
25794,640600,BLUEFR0G,Gold
47174,1282580,RuinedAngel,Silver
35339,928545,KashKween,Silver
67578,1897584,ToastyCloodio,Bronze
6644,67550,IDKnIDC,Platinum
51149,1402555,Dogmaelfur,Silver
2937,2943,Rugaru,Master
68539,1927545,Nikpans,Bronze
63604,1780510,NAThienDe99,Bronze
67609,1900515,LørdBlunt420,Bronze
44478,1201584,Muraragi298yen,Silver
35117,922523,acbducpyk,Silver
16546,364552,igjuuurlr,Gold
19339,448545,Avalloc,Gold
49646,1357552,Exlegious,Silver
56408,1564514,ShallowGoliath,Silver
69801,1966507,Lorrison,Iron
5010,19516,undercoverist,Diamond
11413,211519,Luv Ü so Machi,Platinum
50820,1393526,Lv 100 Gardevoir,Silver
25905,646511,Jake The Juggler,Gold
17082,379588,URG Riven,Gold
20444,481550,Latté,Gold
17172,382578,420 corona XD,Gold
51365,1408571,SloPkNoob,Silver
15156,322562,ckli,Gold
20141,472547,Xenolexis,Gold
25607,637513,Swirlzzz,Gold
52109,1432515,NinjaWayz213,Silver
44208,1195514,Mr ClamJuice,Silver
59367,1651573,Joeljv,Bronze
12032,229538,ºTeufelshundº,Platinum
11643,217549,FuxxinDominated,Platinum
46649,1267555,PumpyLillow,Silver
21724,520530,1NeonGray1,Gold
44918,1216524,weezact7,Silver
10920,196526,MaltMan,Platinum
45502,1234508,BigBlackDaddy,Silver
24869,613575,SSkipps,Gold
45651,1237557,littlelast,Silver
22822,553528,luhl,Gold
54429,1504535,Mehmetdgn04,Silver
10007,169513,YungBigNasty,Platinum
16265,355571,POWER SHAKALAKA,Gold
6120,52526,Mao Mao YI,Platinum
34505,904511,ShadowZeeOG,Silver
3693,3699,teeoteeo,Master
19199,445505,AQuestionMarc,Gold
26876,673582,phynmoq,Gold
42627,1147533,qqpywbvw,Silver
7684,97590,Sold Bro For RP,Platinum
6471,61577,piepieyoman,Platinum
2176,2182,JustinDozer,Master
919,925,Edispaghetti,Grandmaster
5982,46588,Sparks0219,Platinum
43773,1180579,Team Bait,Silver
35432,931538,Buddha of Swag,Silver
53429,1471535,bravo66,Silver
8550,124556,Trickle Death,Platinum
52763,1450569,Dizzy085,Silver
2203,2209,ShadowYosejus,Master
61704,1723510,freut,Bronze
17448,391554,Spagoot12,Gold
36327,958533,NAhahahahhahaXDD,Silver
25854,643560,nicfiend,Gold
31771,820577,KeithW,Silver
32246,835552,im a bad yi,Silver
53697,1480503,Mailioke,Silver
56810,1576516,NateLDF,Bronze
31114,802520,Maya no Tabi,Gold
27977,706583,Wins10,Gold
499,505,humzh,Grandmaster
36786,970592,ardove,Silver
19215,445521,Märs,Gold
12054,229560,bradykardos,Platinum
18091,409597,MiNiX,Gold
12382,238588,Traves3,Platinum
12212,235518,thegreekmonster,Platinum
51837,1423543,GoldenKirby,Silver
8887,133593,Búshi Vin16ent,Platinum
4926,16532,SmhincentXd,Diamond
63482,1774588,SectorsEnd,Bronze
46041,1249547,PawsePlaysAdc,Silver
45028,1219534,asiantreeman,Silver
35295,928501,A1RES4,Silver
27410,691516,DonneLaPatte,Gold
12807,253513,UF Lehvee,Platinum
16000,349506,HeIi0s,Gold
20371,478577,UndercoverDucky1,Gold
3106,3112,yukiino cat,Master
18142,412548,only sundy,Gold
1862,1868,lets rap,Master
40526,1084532,nohitsherloc,Silver
59127,1645533,Kor SF Developer,Bronze
60780,1693586,GG l AM lNTING,Bronze
1942,1948,atmost,Master
63020,1762526,Triggerhappy86,Bronze
12534,244540,MxMax,Platinum
33689,877595,Feanturi,Silver
3445,3451,ShyniRuo,Master
31502,814508,hawkeyeordie,Gold
37708,1000514,PekPekLicker,Silver
36368,958574,dEaOhRegan,Silver
4230,4236,dont pick yas,Master
49019,1339525,kgyng,Silver
63446,1774552,JWackDaddy,Bronze
65127,1825533,Wildorado,Bronze
23609,577515,Orcdiehl,Gold
49993,1366599,chubbybro123,Silver
49178,1342584,ReprovedSix,Silver
7571,94577,upoo,Platinum
13920,286526,LAWNMOWERLARRY46,Gold
9321,148527,Caffeine Abuse,Platinum
65545,1837551,Simtailbeast99,Bronze
43117,1162523,Cirrostylus2,Silver
15028,319534,Dokumashin,Gold
17597,397503,Paker1234,Gold
20514,484520,whm,Gold
23224,565530,Colokillzz,Gold
62743,1753549,Radicalone,Bronze
30568,784574,Scarcasm,Gold
34348,898554,hi0987654321,Silver
40444,1081550,Chieffff,Silver
54644,1510550,KGX King Gregory,Silver
3880,3886,NUTTINGLORD420,Master
21503,514509,jdip34,Gold
31648,817554,DDT47,Silver
496,502,Bluwunk,Grandmaster
13250,265556,dotnumber1,Gold
9330,148536,Straport,Platinum
42467,1141573,NYTE RIPSTER,Silver
68450,1924556,NotSal01,Bronze
43981,1186587,DaddyToolbag,Silver
15234,325540,Dank Andy Li,Gold
1562,1568,SumSmerf,Master
65277,1828583,Mïsery,Bronze
36687,967593,KumaKuma83,Silver
29462,751568,RCw0lf,Gold
30467,781573,rbcgoblue,Gold
62683,1750589,MsLeagueChampion,Bronze
59065,1642571,fearthis39,Bronze
15663,337569,UrsoDoSono,Gold
60547,1687553,PopDatCoochy,Bronze
47525,1294531,gokudios999,Silver
52430,1441536,Aezuni,Silver
67084,1882590,GUTSBUSTER99,Bronze
12861,253567,ReneeaUkAb,Platinum
24453,601559,Vi3txchild,Gold
14449,301555,X1AOWANZ1,Gold
18494,421600,WilburJane1,Gold
37528,994534,Corrupted Data,Silver
66379,1861585,GG Im High,Bronze
48775,1330581,Bob The Sku11,Silver
6915,76521,Minimintz,Platinum
28110,712516,BallpointBic,Gold
38878,1033584,DevilBooty,Silver
49428,1351534,Josı,Silver
50268,1375574,redbullx,Silver
41867,1123573,SirShroominator,Silver
29646,757552,Thaï Princess,Gold
30914,796520,Dungendi,Gold
27111,682517,Drezneck,Gold
58166,1615572,Lewd the LoIi,Bronze
23451,571557,LeaverBuster434,Gold
10814,193520,PIunder,Platinum
68805,1936511,BattleNin,Bronze
35606,937512,TrashDisposal,Silver
3136,3142,Sated,Master
20715,490521,DannyB69,Gold
22523,544529,Shakz22,Gold
37432,991538,iQQ1035719423,Silver
58978,1639584,estefxd,Bronze
50519,1384525,SAN Riven 2016,Silver
7156,82562,OnlyFansViego,Platinum
57066,1582572,Cel The Hunter,Bronze
32927,856533,W8 4 The Hook,Silver
22064,529570,Crack Inspector,Gold
2226,2232,Longest Movie,Master
54426,1504532,meIisa,Silver
41498,1114504,xloser99,Silver
21555,514561,Isuckalready,Gold
20054,469560,SadBoiMiso,Gold
38986,1036592,Hashiizh,Silver
11396,211502,Jenevieve,Platinum
67687,1900593,justin well,Bronze
23840,583546,WoeKemosabe,Gold
10147,172553,Bacon4EggnCheese,Platinum
23414,571520,Banh Bao Ga Nam,Gold
27539,694545,RightfullyMine,Gold
59671,1660577,DA ASIAN BIC,Bronze
43242,1165548,Trial Of Chid,Silver
67846,1906552,shasharideru,Bronze
14328,298534,VoI de nuit,Gold
36849,973555,silver74,Silver
51187,1402593,Smiley Temooo,Silver
68581,1927587,mutiny88,Bronze
7433,91539,stevo2850,Platinum
35941,946547,DerpyRice,Silver
52788,1450594,J3ongyeon,Silver
34756,910562,cznqvcv,Silver
53208,1465514,Ebwshftm,Silver
55545,1537551,dont at m3 pls,Silver
54424,1504530,The Virtuoso one,Silver
8943,136549,ODISH12,Platinum
20643,487549,TidusUchiha,Gold
5516,34522,Schlap,Platinum
35424,931530,Vailyen,Silver
14777,310583,NinoYa,Gold
54707,1513513,OctoLobster,Silver
23629,577535,temp187,Gold
422,428,King Veer,Grandmaster
61421,1714527,lolgod02,Bronze
48117,1312523,Nºh,Silver
6696,70502,Foxquy,Platinum
17047,379553,AME Bibibo,Gold
54015,1489521,McCain16,Silver
42693,1147599,PlausiblyWinable,Silver
56919,1579525,Maysplays,Bronze
7076,79582,DesignerHao,Platinum
39244,1045550,hvló,Silver
28618,727524,ModnarHobo,Gold
43102,1162508,hoestoes,Silver
37658,997564,Half angeI,Silver
23110,562516,krugerro,Gold
10775,190581,Oishii desu,Platinum
56801,1576507,LJ ZH,Bronze
52963,1456569,A2DGorilla,Silver
63910,1789516,thickkneecaps,Bronze
58143,1615549,metsboy10,Bronze
31775,820581,Semîramis,Silver
21665,517571,Bigfooot,Gold
36287,955593,DWG kkOma,Silver
68622,1930528,Seif1MEZO,Bronze
41616,1117522,JoeBidensBrains,Silver
54275,1495581,DurianJuice04,Silver
64347,1801553,turkey1046,Bronze
56393,1561599,Normy2001,Silver
4393,4399,Puyikes,Diamond
28616,727522,PeteTaterSMURF,Gold
58282,1618588,KevinBacon32,Bronze
15346,328552,SoftAlyssa,Gold
232,238,Eric Wei,Challenger
19015,439521,Ddalgi Chaeyoung,Gold
31160,802566,BoogeyMan69,Gold
68660,1930566,martyhardparty,Bronze
46869,1273575,MSEHLI,Silver
30377,778583,TaterTrotz,Gold
61129,1705535,money piglet,Bronze
46412,1261518,vcfjanr,Silver
49431,1351537,D60a,Silver
30577,784583,RNG The giao,Gold
35575,934581,IvanlmvJ,Silver
18921,436527,really big ego,Gold
22106,532512,Glup Shltto,Gold
6984,76590,Anotoki,Platinum
2658,2664,Krusty Crab,Master
4158,4164,heietouzi,Master
21318,508524,Pu1so,Gold
42656,1147562,HockiNGL159,Silver
36125,952531,SliceofParadise,Silver
38726,1030532,Worlds End,Silver
27837,703543,Kypri,Gold
55243,1528549,BetterThanAWard,Silver
15514,334520,Scuttlebro,Gold
6584,64590,Brandenburg,Platinum
57097,1585503,Fuseifuku,Bronze
31216,805522,VenomVandal,Gold
37694,997600,conquerorr,Silver
3318,3324,Ruler8,Master
24953,616559,MarsVengeant,Gold
50588,1384594,AkashRoxx,Silver
67818,1906524,byrdiemoogle,Bronze
921,927,Mangoˉ,Grandmaster
50910,1396516,ShipBreakerRich,Silver
1223,1229,Mataz,Master
42362,1138568,1 Cant Carry,Silver
65193,1825599,TMWin Annie,Bronze
49692,1357598,ExJester1,Silver
8864,133570,mytho,Platinum
67387,1891593,PetitRenard42,Bronze
2910,2916,jchan3580,Master
63811,1786517,Soljenka,Bronze
47206,1285512,UMeanEmoYesEyeDo,Silver
19493,451599,Yumika,Gold
38291,1015597,sppiderpig,Silver
32940,856546,unironically gay,Silver
20075,469581,SamuelLePain,Gold
29309,748515,tglvrbjsq,Gold
22198,535504,RNG OO7,Gold
1567,1573,hi im fam,Master
51136,1402542,wmrmswyoi,Silver
54782,1513588,kdarobdn,Silver
7861,103567,Judge Judey,Platinum
50736,1390542,GoldenEchos,Silver
32985,856591,Injecto,Silver
32592,844598,Killian Koestner,Silver
45648,1237554,Lee SIim,Silver
9499,154505,kwonald,Platinum
22066,529572,minifrotaku,Gold
66901,1879507,BronzeHereAndIRL,Bronze
10643,187549,TheBossQc999,Platinum
57702,1603508,Toretopoh,Bronze
67653,1900559,tazman2121,Bronze
64892,1816598,Implop,Bronze
35480,931586,ANAKlN SKYWALKER,Silver
7128,82534,bïg stick,Platinum
58070,1612576,Frogz is bad,Bronze
30270,775576,Shackey,Gold
29354,748560,Willow Da Wisp,Gold
29616,757522,Subelevate,Gold
24339,598545,Imwetarted,Gold
69237,1948543,WooperLoop,Bronze
5780,40586,Prophetnoata,Platinum
58115,1615521,Stargatinum,Bronze
49494,1351600,PosPaul,Silver
28584,724590,LeeSeenWeed,Gold
52565,1444571,SwaYK,Silver
62450,1744556,uwuEgirl23,Bronze
26856,673562,Deriomi,Gold
68791,1933597,fadriansquest,Bronze
49869,1363575,Loss Meme,Silver
22594,544600,Xerzonate,Gold
51318,1408524,Ebetriv,Silver
65700,1843506,The Rogue Champ,Bronze
32996,859502,Vintaged,Silver
25692,637598,Boss Steels,Gold
64466,1804572,Oathkeepers,Bronze
27070,679576,MythicalElectric,Gold
33834,883540,shadOOOOOO,Silver
10191,172597,TheQuietWarrior,Platinum
10547,184553,fluffyca19,Platinum
19622,457528,DANTE 777,Gold
60616,1690522,waddafoooker,Bronze
56861,1576567,Fâlleñ,Bronze
63930,1789536,Plague Aims,Bronze
42592,1144598,Quinss,Silver
35762,940568,Ace Heret0fore,Silver
42377,1138583,Liewyel,Silver
23632,577538,imight soft intu,Gold
5717,40523,MonkeySam,Platinum
44955,1216561,PupSnap,Silver
48735,1330541,Big BaIls Man,Silver
52523,1444529,9inchAussie,Silver
1386,1392,Voy a Divertirme,Master
18154,412560,Arekuso,Gold
26787,670593,Poontang,Gold
2293,2299,Tomoebi,Master
14729,310535,fast af,Gold
38529,1024535,Cowboy Vader,Silver
19939,466545,ItsOkToBeGay,Gold
56359,1561565,CitricBeast2,Silver
55676,1540582,EnzyXC,Silver
25770,640576,Hawkeyes97,Gold
5655,37561,PhiDX,Platinum
55679,1540585,ThePerforator,Silver
21328,508534,Snow Villiers,Gold
24401,601507,Baloo3,Gold
55135,1525541,W3irdchamp,Silver
59076,1642582,TM41 Egg,Bronze
65920,1849526,TwoDOG233,Bronze
34413,901519,Best Shen Canada,Silver
69976,1969582,Windex,Iron
14485,301591,BrotoProto,Gold
20359,478565,bbsopi,Gold
24990,616596,dane from work,Gold
38245,1015551,PeanutShrimps,Silver
31323,808529,TopMid Diff,Gold
31283,805589,Dirtÿ,Gold
64304,1801510,Kd1gga,Bronze
56435,1564541,xgfxvuffd,Silver
6953,76559,lunatic kilier,Platinum
65462,1834568,weebplug,Bronze
42493,1141599,AEM Dallask,Silver
54729,1513535,vGpisChad,Silver
3982,3988,DouyuTV 14502,Master
54093,1489599,TheMightyPotato,Silver
5981,46587,zombiecarter,Platinum
2505,2511,MIKEYYYYYYY,Master
16174,352580,kotyy,Gold
46205,1255511,joey cant read,Silver
67288,1888594,tafaiteuneerreur,Bronze
36053,949559,Jaroc,Silver
19499,454505,Pnazty,Gold
31249,805555,SixPathsCZER,Gold
12392,238598,Vegetarian Teemo,Platinum
12137,232543,Silverburst,Platinum
31561,814567,Sol Hyperion,Gold
40302,1078508,Poop Śmoke,Silver
16939,376545,DrJackMehoff,Gold
7823,103529,Satori Black,Platinum
12623,247529,WanKStainN,Platinum
28032,709538,KLFai,Gold
57072,1582578,iigiwrid,Bronze
34628,907534,Apaine,Silver
61435,1714541,Umbroke,Bronze
26522,664528,greased hornet,Gold
10290,175596,TOP 1v1,Platinum
7311,88517,egirl vivi,Platinum
58304,1621510,Modelo801,Bronze
65399,1834505,JarquisTheGreat,Bronze
49847,1363553,itspetu,Silver
12924,256530,Definitely Noob,Gold
60197,1678503,h3nta1l0rd,Bronze
17809,403515,reggin0y7,Gold
43748,1180554,Maröön,Silver
38432,1021538,wdmjd,Silver
53171,1462577,PoIishMoon,Silver
909,915,Fole,Grandmaster
2228,2234,Juke Jouster,Master
68735,1933541,wardall6,Bronze
43644,1177550,smfsk,Silver
48161,1312567,Glokagee,Silver
15915,346521,Relaxing Breeze,Gold
3047,3053,HeiHaiZi,Master
3683,3689,EnFlayte,Master
12783,250589,AKM Lucky,Platinum
53627,1477533,Expo Anonymous,Silver
58948,1639554,RobbyX1000th,Bronze
25385,628591,pubicnation,Gold
36874,973580,CreepDraggle,Silver
26094,649600,HYHGLOVEU,Gold
55491,1534597,PlankLee,Silver
67997,1912503,ero again,Bronze
6985,76591,092761,Platinum
8485,121591,NA Erik,Platinum
26343,658549,SuperWaluigibros,Gold
10336,178542,Sharius,Platinum
753,759,pilling91,Grandmaster
45826,1243532,Asian101,Silver
35788,940594,Uuy,Silver
58352,1621558,Sennabon,Bronze
61191,1705597,GnomelandSecurty,Bronze
50290,1375596,xIllidan,Silver
50159,1372565,Alexmagno2205,Silver
28383,718589,I Latios I,Gold
11852,223558,wraac,Platinum
17166,382572,ThaKewn,Gold
32821,853527,x Devil o Ryu x,Silver
29540,754546,QuixXxer0,Gold
58482,1624588,Tony2hands,Bronze
15318,328524,CLUE GOO,Gold
26674,667580,FNR,Gold
44056,1189562,ztksamitoo,Silver
65746,1843552,Gulppp,Bronze
36171,952577,Fiasco,Silver
65124,1825530,yuhhhboiii,Bronze
20859,493565,r2pha3l,Gold
61418,1714524,sockmonkeyhero,Bronze
4979,16585,slackmason,Diamond
65765,1843571,awefe,Bronze
60919,1699525,Gewt Newt,Bronze
13687,277593,Time to Tango,Gold
40032,1069538,Konoyalenn,Silver
50088,1369594,Saldrong,Silver
10177,172583,ReyZur,Platinum
33832,883538,atropos28,Silver
11200,205506,SafewaySushi,Platinum
45579,1234585,macobio,Silver
51510,1414516,ImJusjosh,Silver
836,842,lerd rat,Grandmaster
66309,1861515,Mr Stinge,Bronze
65216,1828522,King6Xile,Bronze
26279,655585,imaphishie,Gold
16031,349537,Emperor Udyr,Gold
26944,676550,Azure Eyes NA,Gold
28894,733600,Shajiku,Gold
21677,517583,MIKAI233,Gold
33899,886505,VoLLi,Silver
2846,2852,Tom CPU,Master
33562,874568,Skollzo,Silver
12322,238528,Yay Free Game,Platinum
49045,1339551,ImPeeks,Silver
9289,145595,Tongzhe,Platinum
68074,1912580,GUITAAAAR,Bronze
5448,31554,bilibili BaiZe,Diamond
55144,1525550,Alibyes,Silver
41647,1117553,lolxdfunnybro,Silver
43594,1174600,Tatronhi,Silver
31952,826558,WhiskyD58,Silver
50436,1381542,hotcheetobreath,Silver
34692,907598,Cl1ckerdodo,Silver
36646,967552,Azygos Vein,Silver
40110,1072516,CasinoCrystal,Silver
10987,196593,Guylowen,Platinum
38338,1018544,chinaBoosta,Silver
12097,232503,MICKgKg,Platinum
47875,1303581,idiot sundae,Silver
2458,2464,RVelvetFan,Master
58772,1633578,uboat46,Bronze
25273,625579,Mister Bore,Gold
49736,1360542,Chimaira,Silver
43335,1168541,Amelune,Silver
4132,4138,P1J1,Master
16780,370586,safe player 420,Gold
4270,4276,Yung Karth,Master
4758,10564,feed master,Diamond
33367,868573,LoneliRigatoni,Silver
4701,10507,Wzec,Diamond
68256,1918562,NoraJr,Bronze
22217,535523,Spectorsavage,Gold
31193,802599,Susssyy Baka,Gold
29528,754534,ClappedBunda,Gold
52154,1432560,Lucky RXDEALER,Silver
50110,1372516,Son of Morty,Silver
58367,1621573,Nyxtal,Bronze
13295,268501,808Mini,Gold
59226,1648532,SpillerOfCoffee,Bronze
59597,1660503,Tbag Surprise,Bronze
38691,1027597,Virgin69,Silver
35413,931519,Whiteowl231,Silver
57902,1609508,WhatsASup,Bronze
42189,1132595,qwasabip,Silver
59031,1642537,captainsasquatch,Bronze
57798,1606504,a dam bj,Bronze
39738,1060544,Blissfulgamer,Silver
62285,1738591,Harhuge,Bronze
25821,643527,YvonnekKiHpT,Gold
18197,415503,Owin,Gold
21883,523589,Vayne to Plat,Gold
68643,1930549,Xdrone325,Bronze
64253,1798559,Tøxîc Skïttlês,Bronze
46143,1252549,Axhis,Silver
14950,316556,PitchBlack42,Gold
47692,1297598,Boune,Silver
55686,1540592,8ItsKathy0Kat9,Silver
56595,1570501,Omegadragoniod,Silver
12251,235557,Ïñƒèrñål Ñåšùš,Platinum
68683,1930589,S1lverMAXX,Bronze
22517,544523,Yuumi is AFK,Gold
47715,1300521,Geff Joldblum,Silver
32237,835543,Urgots Simp,Silver
61859,1726565,xXm0ngol0idXx,Bronze
11159,202565,Thomas P Wiseau,Platinum
65384,1831590,Demacian Outcast,Bronze
65819,1846525,SynysterWoolf,Bronze
21627,517533,Regina Ruinam,Gold
20246,475552,TIMBER36,Gold
67451,1894557,DirtyDragoon,Bronze
35438,931544,clock of storms,Silver
52231,1435537,aeacus93,Silver
16299,358505,SältyWet,Gold
67052,1882558,Curiostea,Bronze
14637,307543,287roro287,Gold
30337,778543,Nexus Texas,Gold
44293,1195599,SkilineGTR,Silver
3181,3187,Modern Gentleman,Master
48626,1327532,Fatßums,Silver
7265,85571,Keebi,Platinum
45160,1222566,jajajjaratas,Silver
56320,1561526,º Yan Yan º,Silver
68537,1927543,BroItsGamec,Bronze
21921,526527,I Oreo I,Gold
26148,652554,Netherguar,Gold
22190,532596,ZargLightfeather,Gold
19593,454599,Devinxt,Gold
717,723,º hhh,Grandmaster
5802,43508,pokegeekdanny,Platinum
41521,1114527,Isakrom,Silver
40567,1084573,Bronze Ez,Silver
1503,1509,BE Han Jae,Master
50625,1387531,TasKitti,Silver
63153,1765559,MaxGambis,Bronze
44366,1198572,GettingTilted101,Silver
16424,361530,santamdy,Gold
15952,346558,Séãb,Gold
15560,334566,Zetsu Hitokiri,Gold
30092,769598,Buumbestic,Gold
7114,82520,Lost Husky Puppy,Platinum
1509,1515,Thresh,Master
58863,1636569,Aytherios,Bronze
56357,1561563,ninjabroccoli2,Silver
21929,526535,Bert Boilet,Gold
48029,1309535,SZarnosS,Silver
67570,1897576,maxismagical,Bronze
45641,1237547,graforlock,Silver
14479,301585,Sallyrockstar,Gold
25929,646535,CIUSSS,Gold
20127,472533,future of us,Gold
63210,1768516,Dr seymour butts,Bronze
2555,2561,HyperCarryGOD,Master
35222,925528,Orokk,Silver
32762,850568,VitaminsABC,Silver
13237,265543,nworbert,Gold
14631,307537,arishen,Gold
38294,1015600,Rito MattG,Silver
35561,934567,Neeko Gaming,Silver
36373,958579,zwdhu,Silver
60455,1684561,RedsSputnik,Bronze
37063,979569,Yung Sashimi,Silver
20412,481518,weasleCA,Gold
9820,163526,Raven The Smurf,Platinum
19926,466532,JimmyRustles24,Gold
30955,796561,I banged Akali,Gold
62270,1738576,ToquiLautaro,Bronze
35934,946540,Strategic Inting,Silver
52227,1435533,senseiarchdoom,Silver
66807,1876513,S4RGE21,Bronze
31291,805597,Dookie Collector,Gold
2941,2947,EIwuuuu,Master
69114,1945520,Harv2cold,Bronze
12655,247561,Drocaosp,Platinum
36906,976512,SneakyTMO,Silver
41727,1120533,dad0ubleu,Silver
50995,1399501,GlazorDonut,Silver
58208,1618514,The0utLaw1k,Bronze
58278,1618584,Blackwingse,Bronze
39582,1054588,Prof OnePunch,Silver
18411,421517,Shrekgreen912,Gold
58148,1615554,NIEKKI MANGO,Bronze
25382,628588,J Lamar Cole,Gold
53767,1480573,ChodeChoker69,Silver
64243,1798549,Wolfaeus Dirarc,Bronze
49411,1351517,clover1786,Silver
5153,22559,Tazacbug,Diamond
7557,94563,Ocidatrice,Platinum
34367,898573,GreenDracontium,Silver
69845,1966551,The Dirt of East,Iron
59995,1672501,iCortexs,Bronze
33215,865521,IOnlyPlayTanks8,Silver
26915,676521,Flexboy99,Gold
50368,1378574,CatsAndBacon,Silver
40263,1075569,Smokie Atoki,Silver
41249,1105555,fleshyseaweed,Silver
62155,1735561,BigHaiPhongBoi,Bronze
46481,1261587,PhoenixaEcUi,Silver
6255,55561,Trechier,Platinum
7764,100570,Insecure Thomas,Platinum
37536,994542,Rhudz,Silver
43922,1186528,EscanoRSVent,Silver
1952,1958,At the end of Tt,Master
61952,1729558,beani Boy,Bronze
17679,397585,Cłøut,Gold
68566,1927572,Robert S Murder,Bronze
12690,247596,Child Emperor,Platinum
68215,1918521,coco1214,Bronze
64804,1816510,Lemondroptz,Bronze
54053,1489559,KillaL0L,Silver
55515,1537521,NmE Bellair,Silver
40929,1096535,GlitterBear,Silver
43533,1174539,monkeytron57,Silver
61312,1711518,MeepisPower,Bronze
14007,289513,Kittys Toe Beans,Gold
51568,1414574,straw hat dummy,Silver
37672,997578,Acemaster7,Silver
56166,1555572,bumpirE,Silver
59896,1669502,TBechs,Bronze
14051,289557,The PERS,Gold
27164,682570,White Primrose,Gold
45729,1240535,qbnitoking,Silver
34808,913514,Eel Avocado,Silver
42503,1144509,orpheus90807,Silver
24306,598512,free lp dm me,Gold
58053,1612559,jqdmn,Bronze
68116,1915522,NineTailedBeast,Bronze
46331,1258537,MLPxWeeb,Silver
54166,1492572,Do Kyungsoo,Silver
13761,280567,BaFull,Gold
64314,1801520,RankOneJk,Bronze
32632,847538,My mid asleep,Silver
58801,1636507,Dahbeastt,Bronze
30783,790589,Dannybaze,Gold
57484,1594590,Sypher,Bronze
67815,1906521,dusanzaric,Bronze
62373,1741579,Crying Mid Laner,Bronze
31018,799524,Ætheric Ruinaga,Gold
69425,1954531,Mophisto,Bronze
29775,760581,BigDave420,Gold
29552,754558,chnacui,Gold
36621,967527,Beezneez Men,Silver
7992,106598,Kings of Leona,Platinum
60685,1690591,xGroundControlx,Bronze
14733,310539,Lothtalta,Gold
66927,1879533,RMAN3,Bronze
26425,661531,Captn G0utch,Gold
24371,598577,csxcsxcsx,Gold
11127,202533,DrDoodle,Platinum
426,432,Kingicepop,Grandmaster
36661,967567,Krüm,Silver
9861,163567,Harugoya,Platinum
68411,1924517,rashkid,Bronze
36029,949535,Dusty Susterson,Silver
52694,1447600,Im Kilted,Silver
39380,1048586,Meöwdy,Silver
66087,1852593,AddisonRae898,Bronze
34056,889562,moler13,Silver
50374,1378580,Moxien,Silver
66495,1867501,CAHMIKBABIN,Bronze
35215,925521,Kenpaffu,Silver
44060,1189566,PermedNReformed,Silver
21072,499578,Divine Mantine,Gold
44630,1207536,Angry Zergling,Silver
69103,1945509,randommexi,Bronze
55579,1537585,Benamon1234,Silver
54331,1501537,Rex2GAY,Silver
64429,1804535,Tossin Romaine,Bronze
25316,628522,Stevencarrygame,Gold
50606,1387512,virgin mid,Silver
46946,1276552,MrSalvador,Silver
45630,1237536,Jesus Chrites,Silver
46004,1249510,L1Z31416,Silver
34203,895509,NøotNøot,Silver
34765,910571,rxvcjjsc,Silver
24003,589509,BladeSword,Gold
52439,1441545,sikovsleep,Silver
52169,1432575,Shadowblaze22,Silver
46596,1267502,metagrafox,Silver
17429,391535,She is my Soul,Gold
5829,43535,Kasumii1,Platinum
1464,1470,Tp Lord,Master
22181,532587,CeeJaay,Gold
39587,1054593,YordleFartsOwO,Silver
59409,1654515,PillsburyDoeBoy,Bronze
47592,1294598,Economy,Silver
7590,94596,4EverSupport,Platinum
69506,1957512,TinhHandsome34,Bronze
27145,682551,łLY,Gold
16377,358583,Sublyme,Gold
60724,1693530,pie6,Bronze
67158,1885564,HorizonSettler,Bronze
29834,763540,JINWC,Gold
57866,1606572,SpitOnMeFather,Bronze
20094,469600,Fister0,Gold
57441,1594547,OsentuTheWannabe,Bronze
58378,1621584,TheRealBrochacho,Bronze
25313,628519,Tiaras On Top,Gold
8378,118584,Second Identity,Platinum
57712,1603518,dangohollow,Bronze
69910,1969516,gamingtank483,Iron
30843,793549,Ultimate Snowman,Gold
60972,1699578,Trumeg,Bronze
54634,1510540,NyKo Lucario,Silver
26815,673521,Vogel im Käfig,Gold
33653,877559,BEARD Kid,Silver
5514,34520,LobsterFeet44,Platinum
6609,67515,iPingUListen,Platinum
17147,382553,Drewmeister,Gold
23192,562598,Winterfresh,Gold
41732,1120538,HotSquirrels,Silver
33321,868527,SuninFX,Silver
67695,1903501,yokesafe,Bronze
15362,328568,Scolivar,Gold
11702,220508,zamboo16,Platinum
59713,1663519,KronoGod,Bronze
19526,454532,Hazeld293,Gold
50664,1387570,BambooBobby,Silver
24078,589584,Zenquiet,Gold
25233,625539,midxtimer,Gold
25249,625555,Kr3w Shadow,Gold
31107,802513,kayden132,Gold
27140,682546,CritEveryTime,Gold
44757,1210563,PenabadTv,Silver
67132,1885538,AfroKing,Bronze
32761,850567,Im Kennen Kaneki,Silver
12077,229583,Utopia7896,Platinum
27173,682579,WHALExx,Gold
4504,4510,dear u,Diamond
11260,205566,YuuUni,Platinum
21439,511545,ArthornX,Gold
5961,46567,Tatty,Platinum
31611,817517,Dopa Dong,Silver
13821,283527,kItWDelia,Gold
7505,94511,ItsBinoo,Platinum
31208,805514,stay quiet pls,Gold
26138,652544,apathy for u,Gold
25154,622560,Spathellis,Gold
23979,586585,vgchamp1,Gold
52317,1438523,El Jefe,Silver
38171,1012577,ATARAXIA99,Silver
55238,1528544,ballsaroni,Silver
25739,640545,MountainWolf,Gold
29742,760548,King of PIebs,Gold
15324,328530,Cacaolak11,Gold
17295,388501,Wu QAQ Hu,Gold
64245,1798551,ghouIz,Bronze
13789,280595,PhuongAnhVN,Gold
66009,1852515,Khalitos,Bronze
67561,1897567,W1DEL0AD,Bronze
49570,1354576,WhyNotPickMyName,Silver
1848,1854,HappySupportGuy,Master
59740,1663546,N00BW0NG44,Bronze
34944,916550,Sicilians,Silver
10453,181559,SS Vladimir,Platinum
42411,1141517,Anteraku,Silver
44998,1219504,Nolukio,Silver
68859,1936565,UndercoverKorean,Bronze
42250,1135556,Lucylle,Silver
54159,1492565,bengal2002,Silver
31037,799543,Gaeoaoirobe,Gold
55835,1546541,mstarg,Silver
24016,589522,TOM in Paradise,Gold
46456,1261562,shooterhippo,Silver
49384,1348590,ImmaWaffle,Silver
22782,550588,MidBabysitter,Gold
21331,508537,Vietnam Yeezus,Gold
8748,130554,Anghinnon,Platinum
49397,1351503,Hyperstorm88,Silver
17317,388523,AylguuTSeTsEG,Gold
54291,1495597,please,Silver
11837,223543,FILLisHorrendous,Platinum
58665,1630571,MIDLANETOTHEMOON,Bronze
45479,1231585,stonedweaverr,Silver
8688,127594,padilinfizz,Platinum
52427,1441533,A1Coka,Silver
45019,1219525,FeatRickRoss,Silver
8535,124541,comcast please,Platinum
34074,889580,46617224,Silver
47667,1297573,nálu,Silver
11723,220529,GGitzHank,Platinum
37775,1000581,DeathLord27,Silver
44509,1204515,CarpoolTunnels,Silver
34795,913501,Antman603,Silver
40845,1093551,WOWoneshotmove,Silver
35205,925511,Sleeping Hero,Silver
64543,1807549,FriendModern,Bronze
57868,1606574,Tilt Rolls,Bronze
28373,718579,SKRAND,Gold
61874,1726580,TheMysticalDream,Bronze
65989,1849595,zstango,Bronze
23315,568521,Fordham,Gold
13734,280540,ihaveacigarnow,Gold
21125,502531,1ForeverKill,Gold
15344,328550,SUURFER,Gold
39835,1063541,BestChunkyNA,Silver
45204,1225510,DemonicSmurf,Silver
28521,724527,Amamiyakun,Gold
51962,1426568,ChewBraca,Silver
4748,10554,Ahn Sol Bin,Diamond
58442,1624548,CosmoSuppAcc,Bronze
43144,1162550,hetccunoten1,Silver
37622,997528,Cute Lil Pikachu,Silver
31917,826523,ProwlersYourMom,Silver
58307,1621513,Barack swaggins,Bronze
65482,1834588,Gustavo666,Bronze
57154,1585560,o DragonKing o,Bronze
12331,238537,vipertnt,Platinum
5432,31538,Never win before,Diamond
51743,1420549,Papurino,Silver
51722,1420528,Best Treeman NA,Silver
42537,1144543,HandFullOfPubes,Silver
31281,805587,yuoex,Gold
61127,1705533,Pharm lane,Bronze
23819,583525,Omoshu,Gold
66571,1867577,peej1313,Bronze
4709,10515,MetaZoo,Diamond
39511,1054517,Norbear,Silver
21760,520566,afriskypineapple,Gold
66702,1873508,TACOHEAD420,Bronze
56363,1561569,TornElement,Silver
40485,1081591,theskater,Silver
12654,247560,Diserent,Platinum
65147,1825553,RobbyBologna,Bronze
58642,1630548,dawneddreamia,Bronze
25377,628583,abruptúm,Gold
315,321,Søxo,Grandmaster
11397,211503,tpastanleyqqtw,Platinum
7013,79519,Lascrea,Platinum
69335,1951541,Spanqx,Bronze
31438,811544,Jhinnamon Rolls,Gold
61462,1714568,froggyfingers,Bronze
18750,430556,Tesla Motors,Gold
31143,802549,ImagineBeingDead,Gold
34784,910590,AlphaMaleDraven7,Silver
12422,241528,vcformvp,Platinum
55469,1534575,CaptainBit,Silver
14797,313503,IM GEY LOL,Gold
42533,1144539,HeartScenario,Silver
59080,1642586,Intronoise,Bronze
15437,331543,Jinzio,Gold
35859,943565,Naaps,Silver
37305,988511,Mid big gap,Silver
65944,1849550,iDim3nsionz,Bronze
26936,676542,InfamousKade,Gold
63508,1777514,RFBomb,Bronze
6437,61543,Renown,Platinum
67635,1900541,Zenith57,Bronze
39347,1048553,TroiusTheWhite,Silver
13102,262508,BowserX,Gold
28659,727565,scoobyishere,Gold
54706,1513512,doomerpanda,Silver
65994,1849600,D3MAN47,Bronze
4423,4429,Miss Poggers,Diamond
57565,1597571,Wreakon,Bronze
49338,1348544,AwkwardParad0x,Silver
5020,19526,EwokSoldier,Diamond
17635,397541,Captain Pops,Gold
44958,1216564,FairyPrincess,Silver
5902,46508,X Yin Bu Zha Yan,Platinum
67092,1882598,QrXu,Bronze
61549,1717555,YaBoiBeefly,Bronze
44089,1189595,Big Goo Monster,Silver
51108,1402514,Solid Oak,Silver
18,24,APA1,Challenger
