,puuid
0,L_xLVMlj_sKWF70-7KjqPe8K448yCNOb_pG3FbzHH3Y-tmPaJmE80E2ASrmJOxdgC2VMUPifQwymBg
1,7F0u_Su6jw5sxWhPzOq8CfRP7qOxLOfjZuuwAVTTxVXqzTt8C3fdbq8m623YsBrvou-C-_yVZU4UVw
2,Sql8HYMCNo1_jd3zA3tCD9zrwVJ4drURR_Eo4A8kZWtB0mRnx52xxpDikPuSbo6PV1UJsNzklK_xvg
3,inyIFldKizz4YhSZftWTNbEiqjii7hPEQSGaOImmeEJLAV9KLMBFCXe7CSV5FqIuDDwOcUiDp14i0A
4,TR3lDQWD3ycyIltnPpDyvN8ZrYQy14SMH4QaXZXtQyWdW1Q0RuPU-RwShUXkHNFOzToRKfgQx8SvWA
5,FPe1JTcAqEhd_Qgfxc2yqun7LsayI01c8_-nYqbYeV275QNja3QShnJen7l1if72h8G7YOs1QcsemA
6,eVmBdmZWLel0VLzQLabAnIkVfHDlv8-DIot6yD-MWRcZzMLtnOlwxX27Tlt8rzABn7Pu7xxsD9EHbQ
7,9YGuBZAyZ412kB5A0nb028-DS2cP4IBIKPXhTsIgD2R-1Yamgs1HIGu9fs1YM-rc9B29Og_QKoxxMg
8,uHO-Vm_Q7JMmITOmlOe5j_9tJ1VoNGcKSvWQ4PE_BizlaKkc8JE91dFKr1SHXnURzE88k5s_LS32GA
9,QQPtAXH7V-tnVFimZhuy3RcRlds9bb3vcK3kAk6YlQdeXIiM_lTF1Pz0GueRk9sMZUuMAQYP0vd3KQ
10,ndLRkiTvIiLQSDAinrAkUwcUb35yDhcn8q_tj3PTp9deTJz3g_3YTu734asZAVgzJp7k57UFKUrXgw
11,v4L9yDFA-Uo1C78fr6b_9IwV-0Qsz0uumE1u873kZtEpx6_yDKsNEZoh59SXtjmP40KUbjr6DRuVew
12,njG91PFsU-x0RUtoXy9tynV64xu_2rum01v09GDLbeCwzwLPzrj3_x78A411rlF0LLhmNlLKtxeFAQ
13,TBkCNdRC-8S7luQelVAiUkrwYtqXJHlb4f_M6oV5b3nWP-BvJXY18DhZBPRdjFjJU0jFaFtvlvUF4Q
14,gO7rjIbZ-lU-Q_9_3NXrHkTqndnOX3gUxhudcsL7BKubS1FkafRVctF6z8eZZaDzMFnR70gkJH23Rw
15,nq_pVZNveuuWAbz1HVPXBSo88b5AB3BQRst7NLv6Jdvs6WwTYIF8hUU-gv_nGSB7Ejsl7BRkSyPJfg
16,HyvHH1Erc9dGteDmNxd9ANw2mklNUSepYHgMPnae_j4vEvZ_cb4-wILpdlfWqzAOxdtwRPk3NaFdug
17,__vieKuGyT0Vx7qf02L7CG5pOGvFdEiHHvLDpsxF92yQfJf5Ncxx-P-z3Hlj-VnJWPK_NmHJsmiN1g
18,lAxqoxcWPi_4YFPSM8EOKYaPuZ8ORSy45wKL40uFU93YO5OHfolyq5Asg6w1TOPt9g4RJgAwsqsq6Q
19,yFMtT58O51XFfs054MHLUhq9B5F6AT4ptn5iOPq6H-SLKMlipK2-SAAS9GmAfVqEJXU255Lnfp9TOw
20,PM2KKrPNO8JE95OThMNGyWn9qnNvE5wup2RGoFWsTp6EmpFLL-mkheu6EnViu5YQUyKtgLKr7t9viw
21,BuJexvsf2b5qZHX3H2iyuxIzaUcHdOVlp8HKCme5cAEo2q9TKY7--d-NYXlqi2JRaFHhok6nONwBag
22,LYr2PfzSE_7cUV8aJXGfYjqUrdrUDq1HjcDCPorXYPzF3KJlhYcEC-cNJPpxrzwqf60NgNQbGypD6Q
23,Ah82npXxjaer9_uAJlqzJhe-MMDopoE5aHWqNee9_GIQK1z3mOcFqpRorYtjf4BkKatoiV-Ab9Qmyw
24,_a3X1oEsdrFA_u2uyWjDCFSq8ZzpJRryVOVtFr4XOZbdYays4Ewxg1x-DeUJ-Tz0KoDY8v3kaqoieQ
25,H8jCSYIrnS4jMJ-IJQbHFtrRyYCvPTcBkOzhnKl3vSl6LfW5ZE_SAhHeSxq4oLiEVU-UftXG0x3IAg
26,TqE9HMYWG6M8J2ceTbHdfIHer09kB7dFTPmvsBOPoe99WqLBnya1N68u3pOarx-w2w26CVmoW9CWHQ
27,ASRK1dKTBMkmtJRvOyz14JClCTjecYZ09rvwxh7EZrRqxSNeK9Z-ZhsvCmuGUf6E0MWGX_QjHf-fRw
28,4pOUBxvaNvq3fanWQyzv6I6SuGgguL_EbfiMe-IYph37s6COgPYcNX878G1yzHdkXhTDdyhhmOXa0Q
29,KiqwXgaRV6BG9uZaXymKEIBY7J2SkysNkntQjDZO6NNeEOCFmnOhEeTuRhVDqsEwCjxkSIn65aBVUQ
30,VHPXX3f-fSWPsrBETmdQRVM4mYl_h5vS3O7TVERdcHn4hezgHqRgH7St4EWVM2pR7ewxlfADGvhhfw
31,PbqY_QDeS9pOju1eNs0Vfa6EWoMnRXPNIXV0i22__ozrFvJm8YNJrMgzlUcrjwApUaxkyjFrDtA-GQ
32,qJ0zB-0EwjGZxklLT9b-NdIaVt2gHEqGUvsbpJMfKQfq7IwpgUkmJ_2zS9NH5q3dKhPX-XbWSnzY1w
33,miwX9NxBoSTJpLK8rPHE3MZllCPjnAk0iagjgf0aabwHPTR3rCDf-lgPbD0u2kPq6uTfOASQV0pggQ
34,1VxW6asZejBSVQlE-aXb655-JNufbeMknnwaQd59qVU61esER7Xv4PzJD9lmoUbyipZGtMa2joDEIA
35,UHZjwMrdmGfSCPcw6eNhz7bSsE8TNQjUq2U1GiTgDbXRiiXYVBdt5MRl5pwbNtHIEg7l7drxJqgZPw
36,Ivw_p9Nxm7bz-07LAbYsMyPLn6lBUqTMiOyH5M8DQf3iIkZVNCTwdyRWs_E3YuB3FnBe72Xt1BshJQ
37,uhpVfLbQzJotl70cudpkBLZj3gAhwjTtVidGFMOAU-0xNr5BSy0u_pOYIcyKvtOAz7nVLTrTM_RmNQ
38,CT_ukQoPOw1SADWXBbCOKHwGDpeyNaYhzYfGdyJL2W1HfvPivmVMxAohFX6_X7_ujMJsO8-sOP3I7w
39,3MWorRe517ezIaut-FgwWs06-YrnKcAkvr35nRD43238RAddLMrcGqdszJD0-IbFGibMPlovzeVZVg
40,pR47GaYDiuB-yCJKdUmak354NUrLZKaEa6eBEYcO6avo2uahHWn7PePfVXgZIVlH1QBiZzINTFfS-w
41,Mr-uKYnDiyX6kBUSoABQfT7zVlU17VZMTtalQW6BvZGwz32iNpaVgDe9_37seONOjHe82vt0Kkm1wA
42,_JKrHnJ-JFLWlagN7w-aAQAYUuDIte8VwfYjEq3dKtZ-6E-dEmuqBDiGr8-cc9nTc4J6xbPaJSstiA
43,fJDelCMyyuqaD3gl37IhVvVcrrk68K4ROQcG3X01ETHryj8eupzNZYp6oD6qnNo9I8VFM_MdcrY2nA
44,6H5vBiJqmB7nGuOxmHXiFFNEwngx1LDhZul28c20jL2jZCiP6cxathlEekfpjEzzeEx5iTSsw6G-VA
45,1KGOzvzN8OA8QlJ6cz0eq6D8ig4_p479dCD5sMCC_sHGxSAwWS_4Ajk-Atuj_yAwsfWFeoSLZNn2XA
46,_Dk7Qfnq2aClx-5ftkBHdlaBZhEQX0bbulJFoSj21962BZ6J3OUhjQOUUBuIddYlDHTdoJTw7EFQfw
47,UQ_Z3zVm798zW9P2FjCydUMRAFjBNXDkiD0jtlO-VrFRSTkwQ7aqJZZtb5wHvfb-zUxKC-IvlvNU3w
48,_9UK9YCAeZkfjUGKMra9c5NvBT9-0l_BVb_UwQ0J5Jv4vvOuEZWBq6r2GtvOa5o3RBuVYMPd_c2QUA
49,xeN3rQrr66Pnrtw8WSrzQe2CesCY2r3lXOl2pmk9T97QKOD6n8At4YAQoKvCHQaBKrvV0Y7ZkHHZiQ
50,ENixI0Ehy8Uy3TbM6QFhP9B043jKZosGPMi1-ugRvYG8yimjdKykZi2mhSccPsSV0SLcFKRXjq7Rkg
51,Iw5ZXZXPO3NYf8CFmcNYGub1u3D3t1tLc5Jeah66H2dnD-ruZl2vnEYpQCshKZAUEOKxB3OrFxyQ1g
52,PMMjdrPQGttCRvHUwESMlF7VEoBpcysu3uN0rl02YCxvjw58_immOPX2LO5ZXqYTcPRIkwNT1Bl1YQ
53,Y1MvU05dbfftnwdtP-Lh6FZMPVe_XRYG9BaejelB2cJuVpnlZag3-dME1sws1VU8OoLlxdwC88KKXA
54,4MbWXfozu0P_mufQbks8f8EpQZE2I-M0YZ5uzcwPVwJyYSrWPW1nfPHEpOam5jd8fzQedvwkSHyanA
55,yY9dRiouAiyszx5zg-PF33ZHyUYENfgOxiFsfakTCUJNvSCHFlicPDikKUs1zhQkGNAXUTZTxQSraA
56,HQcUm6TQT8p_ZV17fN21VoWWA7ZiBqU8yAwLYW0waBn3B3fFcyVlncoid2UMf5a00VaF6l1P9pz7ww
57,4QXYgLKD61knGi80DtxEBRsdMCZXCfdXkAbnf0dFyht5NV0Lcl_zW-jaBcj8aVagM1RGRWV2b1TytQ
58,XjJECo9btmBlwyyB6lBJ4TotMziZ6l2xtKzLbdejZJIFUDkD_fW3fAY7QiDKWMjcVqS0yilzWkZpGg
59,6cZpxhMEKBaq15plOEXYFMj-VsNuVyf3OFd0iHu3COpeQCoEUC38qaYOx3VzBe2M7e_NdUD0rPae2g
60,lt1YqACxUEhbxy6Uv54Yrz8GNGhLAFFTLR25SEDcwt2cLzWqpFkjqgUFHUO8bWjnqdjOY1X6ZpYhDg
61,-Va7d61tEHLx0vBFep46KiSNZo_nfY_92bD1oileHGZqHgUxYFb5IpzbjhTLcj_3VQYmuZ1q_r0-cg
62,ZgPuX69YvnnUeFkKJa4axuZHZhEdZt0PNq05RG7VBsJzxqxcR9AmdaBxlx-7-m3sagiDO2QG05siEg
63,kXqCy6nd8roMVYWreQPNWnCPApMBJCi9FWvSva213-1zTIyKW2DLANSnfkZEYOa0mdvYlten-z3SZQ
64,8qfuNkcSIh-tghASMHc9sq9asPJZUiWISGpiJxuAIonmRBJ4CVC85CE-aAc_aCc2IsdYY8djyuFN5Q
65,BOb5pTFnHXLiynQwSLHx5klirk6EhLt8tIHUC2a9dKF4IIUzp2k9Z53g4UxYp_m_nWCCLERxqP4h0Q
66,UoRjT3hnRNB04lZNbfFgFx3y5hyxXehnt6rVeOjptZ0R3PtJTv3z-eGEUlSSov3sAD5xEv6XTqKRVw
67,Czq61yp1EFyUsd6i5UZpCch55V1He5s_n5wwAZwFwVmUK9jbPNlbHjHCfPmvAQPLTIV4eTlCKp0hZA
68,pvBRoU4vpQgO8ljjSMM4tOS_h_TqLzEgpMZ6HmNiY8Jc8wVtI2tvBkotTpU-8drLdK2Hjqw9VwAMfQ
69,JiSvzYq9nKIEl12_cyvLlDeGavMYfImlNzoT5hmbzcjGg0z_pWTnUpjN6FH4O4Y4nRiGQ039IpP1Cw
70,_PJlnraxaPoV3mCgfk_b25MJWPTgRbvSF-3zKpgB-tojcYmioDusYNqYhRagFTZZFbbnrV74x9ixcw
71,sfjzPoNDuK58yw0dz5HBlFeqPrf8NteoJ_P6BHhd9olZVB8kWm_PGqecZFRElf6FdTJ5jgll53N1mg
72,XXsopnLPUzJs3f4FN-seTj4LbD_x872A3v71LV8lw6ZO3gwV9j3T9UN4gF9S-c1-iclxE2moMZEEPA
73,TeznJhk2sjXWUBcTfssU6Ivmx5D2Tm1GVJY8r-Kn6VRpMcpZ64BM_mBqlUsWMXqcWJxZgMts9YczDA
74,E0NgTgFqZeu0xuXkvZ8_T8UeCQih1MKAxsETy3embIobzAnEMv_iMz17SIJiLp_9MQhaGfMGVAU0UQ
75,zrflLJnALSFkE94Uq3OiqnlIK4mvNEDbbmhvqW6P54OSPxutOZx0w6SZQLDztuTa2R1oF2EJPSkn4w
76,rU774OekLAsUjdLbXFjlLia-qxvHHQY9iP9isOsmmsSemvnQiPbqCaS0j_qTdiBLTocQVXYigKiXFg
77,vjBEJQwrwbwHEp8cbReKIX29Nn8qT047iw-ME8ZpG65y7Rs_Kq5OyhVngyCD8fmlhYkZ6p7tre8vEw
78,6mAcYG6lfSsucC3j9N_SvC7iET8r4tX93zWuBw_OXPNCjA8K1cPb3S6h7QeKF-SQjiHnppIUAlU9Hg
79,mWlftMSHmV-g8t06vLfDYFsJLMqImv61h_sRS0zPiRf-YLU0wrK2tQ2YlHmGRTGJ2TWgoBMd-vdflQ
80,kq0toqBkG9Czl9RC5KvtBvr60c98S6s8Kye_Avk2BJwDLGMZPziEDdlqqbHRAykKPgzbW4Adf5UJvg
81,ZPAT21EZzViZW1aGj-wYcSjDb_5mRKOfhk1CgK2IAgPxMzueGH3LTMzTLACnMREGq_3EBEk721v1kg
82,jOVRhvbiahNXO64uu2HDKHhf5l2M9sQNFG-ih3vROL-KeBc3D02FtR5lZJTFFL5Tf30M4wYbGWw_Ug
83,tma66qliaZfGuXLGSsdp3e_hGF1OylEdku9aqTNmqHx9NjSM083UCpPC81vtwNG7KAlVyGVhhsFnwA
84,1M-JaNpk6idtRf5ZuGC7hIB-OO2GCplczaLr4p5El0JYEIfHzv8cw_dHK6cNL0FZZiA5QmQSrmHrMA
85,Spl-5jpHsQIL8azlpBgSeIlq4HjWytSc1nc7pBMj7NGt8E-ZgYhfe-Wg97W2S9cWeqsjHQYXSjCSLA
86,qrvCey5B53YgEakoJFe8K6kRkg8Y0phRKgWWkDABKWIg4lsK9q2n4Z387g9QIbIDMncruNu2DKBY4w
87,LyYPgeCGsnGh9MtWI4YyEIIvGgA5CWSekxBHQaH1CSn-7QtOcUAkGxL6goRegcEInLHcJOnusXCGeQ
88,AGyjKJNEcyJS4k-ZtNm_-y_xRGTzjNVNbuMokzEZahPnrndEyA8_OqCDjH0r_vxJgexbjhSZufMIGw
89,Jvz2DkvHgTgSVXKiDkCfOrIK7hzdUilF18hoxx3Z8zjH95pRkfNzSNnzsFr2kqe94SlLWz2APWxzTw
90,Jay4m8yn1DzFT4b6KG8qeuy_1fVtHwAOYvRtr3vPlQOWK-o1ipnAl4fyUKo4ZG17G4yatOhol-mIww
91,vuXgTwrSGrifrc-ps6JhEwSrXAXzbxoLf8p0Rcwi2W5KeTnN_hcfwEgKpy0DRHKY7rW56t78sag-ig
92,uJhJxv6EFmLbRUpT8P3ziKAEigpfj9rQUCKN8DdoQ6WF75CsQqNn-zK619Rxv22ck01-JHKqUgvFZg
93,LsRj3P9s1-WHdUYa6uy-R0RqS2phOQ9nHbr6IwIrnoaiyyrsjk3-d_ZhMEep9w4aIoxOyX-oGtz2MQ
94,ReywlfQlaziIDq2UMLhih2qSR39m9W7zrw1IHOa3ONejiv5Xc3lFKFWXWVRsVFY0vc6skDGhNtqKtg
95,dHuGrQvlaE2zX-je2eRGDgvDjz5QQCz1Typl_kGnysjzmiPeOFHjXPFQwSCKvRx-ugWp9xdTvEyAjA
96,iVTPucR7b7-SS19w5_toWUu8DqvWPxCVdon8Y3ElnKN_oxXffcdNG7DxQxKDsZOHqCmj2c9xW4nRxw
97,lJyQb-zOJ0vApcDf60YgEEHa9FzhRLRkON7-eVAUd7Nfamo7s_EV2KYEZLd7BVWLZHrnhEkNOOgS_g
98,eZqWRfqyXfuccMkwygcpu678pmJDm0C2nGEbKudORAmgd8drH-C5S1pqCQcr9caAfycfNbChpW5TlA
99,MSWN4GHUNrGtOWQhqFTt0H6W23-HIGtCLaf9i264m-JYY5bCKGECQRsSGCkLties8ZNN-_hR08aNnQ
100,4Aar8jhuFfxQrLgL4iRtta6G6swQvj2WQau-wxA9GGVJpDJH2jgTy2ZGR8oEGSrLuT7ug9NkXGinOw
101,C64OSDDVlJgYY2GtUY7SrrjBFhPtc2dNSU49631LC4JF7ZMq_0N7tvAg491BvDtLpMXrZRvEEJigIw
102,c_V_b6o_XXJMKJtJPKyxiE4YCbPLQBGp_t5JG4ID73689yEq_xa6aTEV1zIZS4xShbwJA2CH50E4Cg
103,-jrIMI5lzf85ZbFzOBpSmFsH7drUAUpaOhh_Fo6xchP-ZUwGQJkHWz4gHyGIVvnrlxnMeVh0eqeDeQ
104,iGfGoCpFTSKwQbQu1TznCyCy3AgU9hKL9glwQAERtuzcpNgSnTyitj2P86nkGSduKlBAAnDo72aqqA
105,6hGcZXiiBRibbV1O7cES3zccIytIMDBWOdnV2Qt1bZXx6sAIM-w0TUkRA_c1umjdeMqIvQwM0MQivw
106,ik1x_MiL6Lbv3PZCdHbF_gg5MuA0eeVK19Z5_1qE0arkARJED3DstY27Z_vV7qNEwZwozjK-oJwNFQ
107,JLOvq_smKE0IwX0AieLEwmMkFCd7wFIIJoVI0XS7DaZSSsIfIREbFQ4xaSYYshWbkScwyc1eSVTbFg
108,M-yMjJlN3rcafizviOY1PQKtSejYYWRX6UH7Jth0HEr2PLHyuxm75f-pwjNO6zfAwat5cjBdgNDxCw
109,1RdSdEfrsdy0wFAgCRjWHFD0skoV3IZ-Sz-cmrggvirkYlNqr0YXapOpYxTKYANkb1d_OntEWy9U6g
110,SyKspKMYUk7mFU9s46sumJM0BoPBDXtB1VyWncqdmG3OrGQ0QuSzIuMTJD5cVwyTCf7Ln7ZFHUWZ2g
111,OarYTsqrhUFjWgcUZe_I1bDPWLF22tSQvqhEqeTOYrFFVVK8-cEplA1d3OHxT9Ag2US5rMcKldY2SA
112,s_1QkTwPdfFRDt6dsGWbSZ6TurYpRYMb06KN_weDyGVBJiraIP9nIzisAWuHbt4DVcyAS2rsVVI3ow
113,bGmlvle9fvC8zUxTGOPG-GCuy8kTGhjE_QcjH-y4IEno-S1-ZoeMojg1-5wHmhV12oyABljPD58lmA
114,Qy7IUL17nQLbDq2u8aerX_uq7IHqtcr91NLmeiz7ZnuqOOCkxDN3pso89y0ebpHvaP1MjrCLDwzFug
115,c7BJMzGhgC-lFrwX_geH1RohlILu-dxo4Ry66GjfhpWzmV_ES67x08VsH5X2NkNMaPgau5nwZFlT-w
116,Rm3x_gWiNB2mz6kwlYt6m_LhpjKtEioYOgAszh3RO_zt_W1tQwC2YvcGaiilOO802M4CSD2YULpGNQ
117,CEv4LmOMakO8edMhhjHQ5CgJlfZAh3CZG3MBfTQ_Q3kbxjnk8NoF7zXfQShZ3Y-YQBDM2Erno4GBnA
118,mQJmuVK-NOB33GwGCchYrrwVEORDGmYn28Q4IbDRh1zcJHWEdWYChATSNKtbDUnQb4M-FGlfxKH2uw
119,TRX5wNoiWQ6uwLG9FNvJLgguQJ21i5v0SLfjQ2xlNuhzWP1x3u2bUX_1627tnA-xhtiDFVFYdJo5vQ
120,uPKuWYaEKDt_rf2KCQ_cjKlrHi8F8Q5QoCJ4jGmWjd8lqsxay19V16pZG1osQBl8kKpoNmvyDUQ-FQ
121,RmWbs8p3rsNKmzVmVo-n9hOnPo_Lr7UEo9cgAFHMj6TLI_ZDu-4d_NQYJWSLzyEfAkn9eAYTL78XzQ
122,_umeHmMUCIdkL0hvmV5bB_FURwaGJCbF3Bx5ySWUh_x7Wtp2os3VUoQydw3QKAveZd2Zq32qUtcjZA
123,yBBaCgWHRzp3zopGTz86VZ8EUKVrGvlZSzOznDaypeL9qfWJp26zklkQJC4eb2oJcse1fWNuQflT3w
124,tCMvgfTTc68u31gXRQpSYwD3DsiUc-mZb5TixbDd2Hxlw4kmVQkgLWZ301BtxRwc6fZ3UygkPPZXpw
125,Jyg1Hg5bnTYpPgs9rrAOREZRGkbw7EVKM_7o-7PbYJHngsKPMEc_AY-Iet7-XQuxinQ5tvaJEHfuxw
126,WHyVoFyGPamE_YqbVt_7NJi1DVvB8WUjT_gNI_20laHDvcRRDoyA8fwhlgZmJFBZioEzlYvNwGePIw
127,bjGJqjcujR9YAppVVuBFoBT_OOogp8VoP6RuGjO4M6rbW302RQEcgUZJyKxeMI9UOyEPBO9ytUmecQ
128,1QcAmLoI01DMExSUs482SNyvUv7HscSWNfna_xAP2epCqs7B5b02FZRwUIjPnBKuS40zQ0J_msqqsA
129,jtcr8XY_P3wnt4_W0C66NMiuZXU_vtBl-CMDl_RBpIkeoQ6g3C7KiBa_DBhZdrtzmX_cU8j3faLv2Q
130,8pqNLESytQJFT4JjPvlY24IsT-KTA4fD0QwlG6bWpsPaeQ0V42Y3Sfdzs3j5cJ0BMDgNufWpeyiDiw
131,wScjIClfsE9BD6AklZkb11L7Q_a9-CWOKDESrvAGrAJXKs_xTCgiaLw13_erEBc0RsIUf8QRSTffcw
132,05WiJMFKZwucXquVRJ9oCgKyxp_yU_rTzYpDXubw2Qi0xRBfGfyM4VnJcGCuG7Trt6fEGZ60UMz8zw
133,BTt9P73bVJUOOaVWJPQInBUbaexTk-rcZzDRASf-f8C5jO92z0F8x9v6vqjvP5QfkhWyQhLcGL8eyA
134,Wf-hZgxclCMrStlLnNPb6cforEKdbi6Rw2azdOPmEpFyODWsQ5-5jJp-GDvBFOFGkSDfrHQkj_Nxwg
135,ZLLmzvioLZ6XpEEAks6LzHanuCM9x9zP2hqzaUBAVOU9eEnXjUX-hz11Awp9km_lD8beWoH2j0Ejpw
136,OsS8BxVnWmcNjfZsj5SIU-6GfEmrU1FQSNc5hrJJgc20-llsHy3UvkvBpZcCj71eA8riXLnK8Oxl1Q
137,NmmUCwyCippntOwM25heWx1bmy5MbD8W-mfAT6N52ybGwnE7QuqI5sttXeVyoJUszmKmy5A8TrtHHw
138,Yml24x4cn9Uk6OrCCmCQLQrCovT4kyMME3xecfvRxTKn0ucxoFUsVcyrOA2Cei3uINw705uENT4AQg
139,V_c-Eq9vTtpeb_2ErMBFpVQRr-yURY7-iu-36Wt_VDQwBxB51rsL6R7JOPtLxz5-cXcIXGypNTx82w
140,GIQcci8ysj3OUylZFrpRJFOy8itHnu4RhUErN5Ye7-rP3zr3jzMYz6W8JkWuR2gtbMeXAuPBINo4jA
141,eOvX67ZnucYp-LWnKoDFaAlZa_4aQEqCM7g_Aq-mkjExx3Ou_gOtWWYR5Bab6odZFV6EEQ0hf3dI7Q
142,GW3j_QsgkbEhoWaerTLK0CRSoM1IolN1U7nklWlQZba2AWHund4HQ2fX9J6FxH9YPpHrFsqbRXNq1Q
143,OJNsBukNj1c-2Swf0ruzBG5CW0ePYN30rv0mmzqZ7d9T0ma2B0816hGIeZTej0SwlAFdY1SyeRdeDA
144,xpVN3gIJKYoZgEndhzEpwvR0ug9VJiWG0qpls8YHXxHpBXb1QsqRhuW5wlYOolCGAEtzdsoDt2xk2A
145,zcC9wInT0vAHwDgVg7EmzisdTiiBl3nfM4dhfpruwcOlELbkyvrKSRhP07L5PUeg4mSvi20dGSPzFQ
146,xasJ-eY-De_mpZXY7XGCgfGJuejTNMRNTtmSVeUURKpzxfIctOvmQLMEWbSChvCOD7BQwqBpWdDYYQ
147,qvs6MoKtxC_wYoowko8jSiG0C7ZAa8F1fH-mmV8GSB28V_VyBuX7FY9LD8D2rASaCh0Zk3oW-FPGEg
148,rQf8hjOsJx3PbEPkFw1DmeNHn3xGnEQ2XTJoO5auhyr3hzDvgoltVP-hDcMOeXypMhMVgb30rO_GHw
149,3c7ojlj4zdSwd9q6j4KjI4UnD2m9_Q5-n6D1voEnjftiYLfvSDq7XGbEUjiagOeAmjpdFzN1P6-Iuw
150,afGaDB7Q9gtl0Su2UATMBLJbVS22aTIA9IwQbVeU4Jsoapgg9H3NDm7ketaXK754il_MDvE_68BmqQ
151,Is85sOtRXSXg4FeorycwdEjG6RQj5r2Hh3Tj_rzxn3nfFYdIBslDI3EA9Zjs5vOOtEKhZvEd7x9WSw
152,Vq5lIKzOD53i08y_5ZSBCYDp5_eFDvmQECbhcNB-1g6ZxbwkoDQaQaGyoxaNOPpttqc_oBwBMM9few
153,RhznfPuHhj1sUYzmIubFpgGd9xKn4opiOrBU2BJqqmMnh9vQysl1NRRj5YI6p40xfIfybKFYo5KVxA
154,qVAbVcvGxMemX8klOflnn9R7AmtRA5UGgSXqGBNCEY72Q1Y0sifKUV-N84iuho429yK3RBYpRomPwA
155,PirRc9v0xpOKr0pkYpKBR1tCLzAv5oCS9D9QdKABGyVDMQByu2br_FW8DAB7uJ4EjdEGGaLbEbXrQQ
156,Hsl3sRgnKLwsQKzmv89t6PIV2QXN2ii4znXyzPFz_0ZO9f0gNLRh7eiDuEAIvD6BCJD-ea6vuNo3qA
157,9bYLFI9KXQUwNKzsrx0NbPldAr2kWoxNDhJQPZYgM6a75l_kpg9yWPsZnqRXmQaMHAOurLa9VS9Gzw
158,D9K64zywWVFbptdjid1sUaboiAVFsPSbpdPIRJ_xVasQpBoEf5Z5hLrKML6cqDyIfmPcZagkv-Ck0w
159,OnhVnaYOODgLk7N7YbYG8lUgPiUxPE3rv8HHej35d6R1A40Go-VefI3X4Nk4xMwlGsqEhrRA37r4Iw
160,wy3c3B7iT0PJorJnn3-wLzQKpsOWviMPz5Znxb0xnooSuF39Q18pdeQiwZgVGZ4oW3BwZKN69rU0Bg
161,jFTIMbLd6TteWqHwwnkdYgwBRCnCdRV-FkoLqttgd-4rvpPPmKlZQmgngzvfnOb181eEVFXzfjZnaA
162,nPbQPZsg5p739eboiNbWTHuvJrTDZAuiyenbktC-VoSYxprAUJg-NbyfpumsDhTPbMEqV7J6smFTJg
163,fgNxIzRd-m579_rZLD_Nldx1ce_koc24lwOYncjOsxn7gYZOiLtZMu139kx15e6--QymjluVBST5mQ
164,tANvwK3c1WrVV4ABsRYFXxAVPfi0cbdesPaGjAbCoaKzyHdDMU6X_ZrZF-kPd-5FfCRmM48lmPD90A
165,6vkUa5F0mlgq8AqySTR_vLVf-SXNY8G87WM33FGRSX29bV7KhdLGHhu5HsT3XTiKyejy_Eh4eJmPVQ
166,atJPJB9KwjrJikJz9A3aJjolDYAV3fEJJPsXERg7WDp0r5ir1zEzb1nxTpUHCJihwyIQh0NbYxARgg
167,Appt2FCM4oWznYvnpOm6OI4Ty1IMaT0qxsIsD5nFfA18DYzEzFNJZdrQFwRvHUip-LBUJsNWTxyBeg
168,tCAv2D63C4fhm4SWiQzF7OxCNVyqZ_jBHXkVR4ck06Aj-QAnJEyedLpykFkIED8x-GAICbGKrziU3Q
169,0jk74n6ulmECy-gQbhGjfneBtdjJCLG4JHSQfHlHx9nJeezar9P-sDeaIwra9hToCK5ankyw-Ja3eA
170,vF1LOC_n3OnG_R5fP47ZcALFYysJFJJPwlL2sI-tIY-SVcRvvawef3f4sVW2ZbgbzlhbrZjTpwLltQ
171,CRLUm2K7SdmZutGbv0eELQdfWrBz02qvrZB_343tJ_6Yj_zdgcyLh_SyPVTn9TmcDVp__pUW_0-2xg
172,z8M0_3qiaHcv7Kr_gYvfDQIsCMz6d9JnNtn98ocM257yp-E4mYsbd7neJjiH6nODqC8nBzQuduBshg
173,56YqNwodkSLw4S4jbLTFrsyrhYx3cO-yjQ7jD5tx_krk1vJb_poesmx3JFZnwExwQEbT2fcBAoW3kw
174,oZAczozVDrxVCNzLE7QRcF0FUCFWaBT7TW0NcCtY4vx1sVigNU5MlR3awhDtnety2W15dRSOkh9kvQ
175,nzNWzIxWGWiRN4CvPiNa81YTAQpXuKs6d8Nj4U3SXEnMDH3OQcqjTwslH9bK8gPGyj_3H7wS3cNdiA
176,yX4NSw4Daq8ZYXW3WhjsLxcMfKlSX4CA1_jzGZbsHSHn0KnFDgdoi07IhH4m06IRcjlQnofhvcZyTA
177,UN64_MSfXO9b3NL_phDT8P7jdIUpKCRfaCO4ZL8WIt_GegJZq_n8EMbuIqzWloIkHJdVhCYAofZMRg
178,nbw-Ehu-erq3euaIE5ykThF4oXDi9jUwvcT2OAhOmV_mDxqdEpWNUkp5gCssjSAtLBUwyNVPKD_oOw
179,_BDnNrIKTkeGTIzYk0sbdN26CyyunvKjie_MRvXQm9ytfYi5c-IP7447esMyLgjEZCQGMkdQ7TUiAw
180,zQR_n0djL9EsEnjdNCC265TjBszwvVBzsZIEA88EnimUT1sMAe79TXw56Z_sK1Bjr63TP65FI7cnSg
181,R1jwJt4X143HF7_QMa3aZrl-Hxc2-A8zP5wX7qFmorCB79r4ytSLIaT345V9O02CuWcxcjm9uM28dA
182,5ajwfQCRu6QY_hKkLTDz9TLLQTQD0BX8c-SrNd18epv9B1Tx3BHaEiKg-OVxidN-OfNBbbtjLtaFzQ
183,_kls7rGxl6pKkPVSgPZn7rD_miZPS7IN5O2VQYzPyUEN4RowXaJV9RjCbRlg240H06B7e1L7QiGZow
184,co_ELVGGbhA-VB0b2D12OLIJq90r5CMPWQrZjJYOaEa_RpKsTBFDKcLrW_DqLVbulbCg7piGgGzs-w
185,0fFXHUb5K4GBolBQCn1CZL-P_7MjBQV4RKd5RGbWU7wTvM19YHS7eHk-VVIcL5hWhbCSBaUDh9driQ
186,-yJO_vcjGsg-O3nDUsQNIzd-Qz1hWZD9KKmAsJ3zcHriAbDQNt_A92B3PsPg07QMAjsz-U3NjQmB8g
187,Vx6AZ8SNVYcQsH_fxoBP2EkI5-WxwdAjEOm27e9Jh1xkpw88amSkFt_IuAHlHtidV55DbZe7RZWp1Q
188,Ht7JtLg7M8pQ97CiPnvLz-CoimvvsLU6e01hSEEQBVaA5yjgWiRoc2yHPoxPiO92H2EqdzKcgxd9Ug
189,keD-KJ5d3hJVjdf8VxUmpPGsGjwvkiGpnZ-6EZbQK9P_iYRD3RMeiCxj_1eU-xgs7Sb77UatqwF0ng
190,vf_-O896EM_l3vxr3hlgTy_tc8OkUWCQosd6o6xqX_t9PCKkKerz-38h1aOQDLgw_pUsN0ipTfMCiw
191,CU3c1j6MbjZrrH_Jl_uyNu0id5e07yPRJdtoo_CtUz4lCQbD6N4iOzf4OijVjeHFNP7OcRxsW13anA
192,aiWHU0AmeKIkso9a05WRpCeKRd_ThwuRI6MFxwa2LGM-zwXsEkbBRymqJOHy24n6GIOawrfYbX9rQw
193,wO33Zrteu4X5Gx-TFP6SBJBuR-Fq5WVEFiM1FnV1fLMjY5c_snNwXbA33mVNoBgs2f2DFz_1dGkf-w
194,vSR23fPEqucrni8Me6B3evyBYYDkfffPQLSH9HsTALEta-R1zUxf_9j2zILvj4WkBQix2X3OuzbvLQ
195,I27LuLoCj021cBkJTymveAN8UvAeZwxKegoViHofWl_1VVmo1qwN252ssMjaPkzBBPjjYyO1o7yIsQ
196,_866lb0pcnzfD8gU53DOta1HDy0WkTh3SHGoQa530ERHJjcRcClqgCCHSBSPFGiJoPBF18y5UQNs3A
197,RJ6uZD_dFJyEy2XSDOkyCYqVGwl6Yet2YfWUA1cA352GmlCL-m_4AjMS7iDzrlxgImIr48T6-Ruisg
198,eYGtlcSMuNWEyVHZbrxqYs4asa66Yx8sydoWI9YXp5OYNJQGMQdk2XTVSD2S1AfOQ3cR9qsNLZPabQ
199,IVUbx03KdVplxYBnq24V-jm1YM6kN7pbagpk_hcQ1VEFZSDFIEY3AEIbmsbp6jdy0LVZmynJDNBDhQ
200,YiyaYe16mBosOkcGYLd-J-FYscVzTchp3qnIhBi90-2y1WSJX9kzzcPVGKYBYvm6O-Ht5VeC-w7UoQ
201,zXFqiCzGqm1ANi7s_nvaM0Pzju05EB_WoLbgdMlcpW7YNGzfSa8G0CUG-fw9oskWEJq-z3EM9S_1Vg
202,P3mUjrFKNSxZz_bnUezSN6pUiBECMMK_AYP_9OmrEyvyfRLA7egZZNJL6wQmokjtNJt7DhpPH9TH3g
203,k41kMNe8--cM_-ptiubyEDM_bt5wR7vgd3KILK3xBb4KCtdkpBtPG3Y7i1NIWvEFXM6ODNnIVLk9dQ
204,7r0vevZG2nKmtJYXohNZo37y0xA5muJ6dDuWSSPixnFoy7MLsV2rjJiAhnHZ-aj48xQooiMlqnPDwQ
205,JZ4u1ZzYRzsscITAKhv6E8RNdrN_3-J9wAMHaoE8NRwro_UOSRqY5lHnhG9Tbj5NxyxJeLc7j7GssQ
206,RtzdWxspyD_bkEEO9wTjpEmFgXni8rcZLAYK6G5eWvKEj0JUGyXS1OMvntWJBnx4z7ji1-L3l3bHmw
207,3egL3jZZg3cFdDId31OI_dvvcuETRrObz4WuR8TeJ69kNiWrZOvETRCFnm_b9CN4GG9LGSj4Bv-LFw
208,63ZGaJGJBZdThFqiFxGMbulMYDJCWO4ntRKOlc1GEMuSyAxw7kDCErXfrc9dira8WUVjIIIaqel4IA
209,Mxd-Jn4uFVnGrRsAQ1MLWT5WA6BPE4WImqnVMxpDHZ8PX0Qy2GIV4MDFChdkQCUMBd91k8llZ18gBg
210,nY7118r5brgWAWVBeCtkVRu239R2lixajRDJiurgdCk8QFnhnC1j_bYYbytTohv9H3d267gzxPi3Yw
211,bFLaFcH4ZgGIvgB4qvsBre1QwugXaIjsdpImzs1qo0Y2UB86toSJ4XtOUoYrDD7ykdmLi1C46flrbw
212,JXVzk-mFTssFoAZn-fgcqfAysV259EEvymMlBM0-GfczoqhQO9QCFSKq8Y-DdYJVAFwhz199lgLIdg
213,XtTzeBapRnYhQnliwza8kdbQn-X55X3NMDt5-K7qDWaqPKW9BJBp9BZX2Wbok6SL-KeLcz6l_1gXCg
214,DF8ga_d-QL0b5KJFP_O6H_qTAb5mJrxB4OzGbgAkQ2-aiqTQX_Jw1FqXFFjpsJG4c-xbjXlA93hmfw
215,1Wl_dLWt46mwuJB-esZz2t1cVdUpuMPpQ_gAWmPrf3ipmFjHftVW42PJjAamcC5Su11mTW3jGA91cQ
216,H0h_Xpsc_m2kjV-F44BuWEHa2xGFOZxuNlarN84j8fHejwOy81qFpAgngwks_4gP7G_mSMEcr5R8oQ
217,__3KrPc7qycnpbpyyBJTvESwxqraVLyU7ViPo1r5IwzGGLKuZzA8ibvcOl_xqxLCzmr1pESTp-_4-A
218,JafaPQ9TRxu0-840nhruU5yaUi8I_m5cpEck-xOpnAzDRXz-2hyjHWCll731wGS4FvksvTfsjHVBdg
219,9xEB2WEo036WYhsycV2sMuxRM1hH3w4fwg924H4Zjui81afkEdCePWRpaWE2ugOLQ8Wu9uueHOjT2Q
220,cejR9Fh5oMdfsBa-aQ16KIXp4TMsaz0BsE96q5O0i4aeTr0NpR85P-BRp8fTBxhi4SqRv-i0RLY9TQ
221,6_Dc5mkPaoddLdQoNE9ckAK4FsUEU5Psfh2_Wa-AneC_uFwbxqw445PjpXMju0O2FrpC0jL_mTmiAQ
222,zNd34e5Bh7k6hxduyPgoDN9bRV0D9FyIz_WpcOxvC0yypaWaf9esP2rAWjDKWkL-qVgExJ0HpSEwHQ
223,lN6qW9fhMD_SlcRLjH4m7vdTysljezvYBGgEn-1afhEJe7Gxixuvp7eONN7-5bFYImsPO72gpKnLFw
224,fc3bB-qenrQZNZ39GoHbIFjv95vZ2AANw_lXYJJ5PRC7yPzX8N449_WXDG8gdz9L7qsv-txDiaBi0w
225,DuhcYuJd8TuIzBqV2tZNpupVFEENjzVrMb9grcjqePYiYEpU5wgiUsJwlF_QrIUDy4AAihpwJ9zGDA
226,nOq1iXUhnHL-RHa4cbpCfEylx1eWHKgEeSZqqaqx7HedqqKT532s7jR1r0wM1eJve6vfd8TlFblg7w
227,n1kR5JelkB_q-83rpUZi7qWi3MhBJOpFQx7DH5wxk_MMyLyUDRlfj5-cGnOMw8Qi4cPkbAdy-Q8Ymw
228,hj0EfYi9oLNj86JqZBDndFKzhq8EO4x7Z-cE6VwYUdyykuVJn6UZSpZL79987_H1YyjJN8qadCsNmw
229,sNtg58juv4LlBzy_tEuGFsucOt1_HnTsljjAhmk6x57AZQBhf8hthlals3g-6jHUEnC8tufn2-iftg
230,AAXxSq3t5dKQlOIr33eLNgmWDjk9oHmqmOdYeYBRnAzJ5F_tA65u7-Zpemp-lU4R-GGacIcTBKw7pQ
231,5BtbsVBIRqiObNrfUrfJA_WOmSrirAe-TCViXOA1L56m-KeCduecd86FoZC78xb2om_AYPImgdcNjw
232,0mco7ddEpYmTUSyXJ7n_DuwS-3tpzGx9vOKML7Ve_wYQRP270zKgHngV3bbSOh6xJX63AqnD_-pyig
233,krc9IzFu47ZOnR1p7JChiNULNMw9-dI92ppFu3j3x9fZN3w_MISUvnY8MjiN0Thpz9N8RO0h-NelJQ
234,FeF7sT5dQlX4bXti2s2xd_PVSOBLD1dbA99tSjLap1NjPstXhloVV07bLcLZGs7uxysnRCN7c3DAsA
235,Q61tUDJaiDMmE1qWPkVCUVP8mA4NsxXflB75vAUr-fqzjBnaKs1LGlU9M9HITGMRKAyFwjQZ3395IA
236,rBSvF6Q_52NDxl2uiqMlA1MTO1wF7cXSKUCJ6_rgmEpuLsBD2-rz2kuL8hm7N7wi1MHTePsoHFbuog
237,nBnW3GhVi9-7sCyoIby9UQuX2ULQFK6MHtjKql5Ye_9AnVhF1ig5-63W19NMOWCMS1WEo1I7D0GDcg
238,Ap_fIZlzzJXYGomaU76X4uEHVvWb2TZWpB6rkd6F4pfPB7RrBfJz24MkgyvLJzFNixCEOKt3hhOTUQ
239,hYHk9p_RbiCZX9GPQPGkwS1QBmTQ2q4N1dy3l-pBEYAC87IVPGIauvxzovG3WXKCGdg8z8TNuAoiRw
240,xnokUdFtK99Fa55eF45uZDZCmDu5qj7T-VkzjVn2s3tBxZnTvAD9nJjQd3thonnXLtpL09A3aDhWuQ
241,89ivRa8QcSfIFgYHn_cRRtYTpTey7Qq7DU8epIrP_0AXw7ioIx-n4XnFiyh1eT2ndam89Q_OBb_RXA
242,EDYsa-GEi98V4A_DIefrqoNBcdHDjBfBdx8eHzu5l_K4XeDas2cNmIsNoRoxw-eYAwpGkdXTgGj9iw
243,ssMqS4CMq7ieBlVX14UernXd4Vt_hy8yJxXn8M3XWpp0DnBIXUTdBBeZeh0O9zU0l2NvgJxTc6I6zA
244,ApuyLt3ETmXbeCHVn6H-VnUl6HL2oUDkw3iWe6Jpsk1Yo7BPCdtBFF04YjW5LGlMoAHsw_qtrrx1lA
245,XsjEsk_1qFxMctBCMKQwmrLCUJ4IXWKtrrQgVcgEXS84hxHMbMFu87m4GOKBz_2Q_qS8aX3K_flJzg
246,AsggZ6U4I3Q76a4SCBXp246vLLSVMlOdhBniUls1UD3VxY8fvbzuwdfpa4ITMceZK_yL-COq-z7G7A
247,TcCK5JIntBObKkJ3vE0LHXyqMqyAMrZXFJYcFfzosYBfzidu5BNvI9vJf_5CD6hpM-brIlrsIVvERg
248,P3FPQYfvcMx6DdnRVXjotqdmvSUbdc0oqDzPVn9BiFz8ZKD7ZhOckWoynyJahaTv0S0tUpozeFKvFg
249,32VAq4wHOfSmkKRu1XQ9nM_CBcOMDGfAI7Nl0sXt--uq-vaQD37v8dR4u8jw1SOCi3SmH3-_3ZLpRw
250,A-j-DfN9ulNrFVI25bbjT0X-jWSJ5apzQBxX9AevVqf4uPUbWUAFL8JIQWc3z-EJJhqMUgrQfLUApQ
251,ZCMRqx_0OI1zqcVRcgc5pcuUkEX4P_CJkYyXpuxCKKHuZS23mvlyERXae_QZ0I46YJPid_LLeLk45w
252,uxoAzEEEbo52tzxDmEQZatiYCZGIFnYvia_fcbOzO7eUGBfDMR3cECKFRfwj3tPoFINVNISj_6HUkg
253,XQ7KnuqK1fYcdoKfKzIqrxhsxczwcD5Wn79LXb_UL80dY5h__COa9LImxFRPznRexHj__V32U7LIgA
254,-ESzWFjfiq_2voYOTCuq1NcHNNE6l7CNayyrWlBmXpnsPGBKcmQWi-4UiWpCpJRqmNBNRi6UWy36WQ
255,59Kub-KmUouBnS389GgteL8HTx17GhuPDvFVSJ2nlYTCHFlDoWNqsE9xG9YPlIR4Xlx9CmnYtB-JMA
256,IIIolX-ZqFWpAMNeYqvCPzYLOgBcuSPignHmMRl2OjVPAzQfwu92QjIjxGR7RiwSrY51-VSqGPi3_Q
257,hggZIg3uRs3fdnAITTiHF2JbKy7oDn4-bKDZwjUZfZ7Bp5Mo2YhNyzSuR2JA4C7wt-wuVPZhAgBSRw
258,zyWDJDdI5azBoMgHuFKMykfV6vJdU5ArrCq5sV4J-4-Rf6IkhnjnImp0DR2DKk7v7bYQE_en8amPLQ
259,a0CcbmEjqOwi7w1JKojJ7JF09FWDmYPInxi6hkkHKlMC66TVKc6F7Bxf4TpyVOLXSoII3jKQfBNDzg
260,wwjTma_loBnufIntNoiKQFGUpWAnDiT98fmf-RVULPobSHeoK1BLEc2o3BsqzMSiXVlm7RkoSbfwdQ
261,Bi879Aan_jm20su6MbssSRgS2_L9tx-jNWLuZjpyMkHxqZzewQ9hheFQKuJIj3fJHpPO1kzPyqbmtg
262,sWEtZ4zT05qwIEx_J1175JNHFomxq_2unkW58oAXUofR1FVGSLClCXqsSGZ_Aeq2kM2BFF2NOrbv5w
263,sftXSW6uCB0M9S2zilcMii8DMybbeutMqsZ1T7XwU2ISSWECpAZnY2mTLBxvOo_pPdneW3LF_F-tsQ
264,ZETzejiajsPM09pKjvAZ6VavwSRjrzcj_uMUmZjaGvH7dOuuSOgaDdYrLqwI3lxEk8fVlhYDkQQc0w
265,sc4OZIHjql0El62d6ajTAlU7yLwTYMxQjnOcOotIAfP3rYyE5Ux1rOcz9z-xU5wqP7aXqUmn_ia9gg
266,grkzM1pli2ASQTTZJllL9qz5-6YWtIV2n5BsQw-iNN1VO9sVHQOK6a9o2PkZQ2qh14DHofPf2oOVdA
267,y4ZXwIEQ24ulXo380r1LbGvqoc5hGIlHPhFr7B50DSer21RCkk2MtdtiHEpKF3Sc1WG84vpG3W14VQ
268,f-MUw3RJcG_N32GCdjjOR18bLZFdeilAwSXZRTqu2QU8RdVGTQm1dXnS9-szFgHnv5UXCZb7E2Apxg
269,txIPs2G891u99wH26FkGwylAckXgUp7CZBB9uSy5icpCJMWpUK_NGIBll8woCZlA4K0IMxNlfHXiEQ
270,3DlUbIwZLXI5epFoOzx0c4cbthQCL8QgYr4tHhxF7eswV-r4sv_2Z6XJH0wzeRWvEc2qcKnO4AD3PQ
271,3JTt8RlKagBSNOJcrw5TVF9o4LlbZwLrw72ghnSMtvFs0JhBhek20yeAqXWxxT6Ui3aUNYZoE9WvtQ
272,vrO_61oNiIsDGKYJ-TD4ksEr5kZ2RsStDfnJEP2A_wsJkq7QGcphGUyKfMNjP80g4n4_zPO1MLC9_Q
273,h0Tlc4pjcj5wLIBPiHyeb5n75DtMtEMZNnuHYLIMrt3FizHYxGW_RKP-OqwcqEad87GsdlhpV9RVLg
274,P6mHMDJ8IRbLoGw1IZ8VhJbIg8DZ5sR9kVpNjhPex0MJYnPz96LS7uTHN8vhLYBTsvdrj1-4dDzvGA
275,usin_qs0tef5zH67_ozNNPqGkmmrRRoEObC0RCQuxGY8XzeDXMJMJg53kFxjfwVLCeegfQ7NZb8-jQ
276,r5_PjW4P5qhNlXEky6A6_murvPMmBUsqphgZzrHCJ8A0UvvkC1uUwOgQuK6xWa9SEzGC1vT47A0_cA
277,5hBDjCXKPFhjZ0I7DcoROTKZVXazYOCC1H7-6c0S7F42uqNyxfpwO8xwqAoK41RD6hAA0nVfIWVPIA
278,wrg9usVd0OMYncyjmvwDytNiQfh27lwGYjd1s079nu60xRf3MrkvX_-EFd8vqG82A97TydzzfqbCZQ
279,tDA3IvYXtGhiqlMT0WbZBca8JKFin_IAmuSVp-SyZr5709SrgLgJoLNDr8XInnlrIWOD0DH7Ub5WHw
280,jTjwfG2Lu4HNXiYTT_0ebglncnR7uf9niM5nsGOgc67wdV2ByiMnFNU0HlYOg4bF8EJtLIj4Iwc5iA
281,G9_lSaT4daumFFHqYrue26BzBC4pLuiJhmGNer39NQJBPZGUqHGid3IghG4Bod7nJTJgMD-5D8EgUw
282,ta_P2d-q1tXCgp3L_e-nbzZJJu3UuuqCh5L9ELHwqglzpGUB6lsTy6-0Ur_DcAqEP1HVnPAotYC_gg
283,8N9SeAlyoL98HNRapgTOudpz8Bv1sxA-3HTVZ_hTK_NkhA5V4Iwpaqp5rDDvznc67vAGehX6cdhoxA
284,2_yTY_LZB4WZ1y3X6EIvQYdsTnIAnMDpAZfXAtM5j39YbGr9zgZ8M7v97Yz0It08yXSpmL_3rtg1Kw
285,fqKyxcVRNE74KO_fY8XWXq24NWA0howl4dcmHErkjaNNancVARQmjhyhgbVY0ekWiWJcaFKO-gFnuQ
286,U7M4swLkIAZeCdZB7JGgdQqXAujEb389v1N5ZQjvI24aX4JGYxP4mJImTw2-UqHkcb9BfVGfyxr4dw
287,2IeJjE692q1kLA31Y4YFqM2_5DVElot4_yRs2cJNQD5atqsCN1ssPP3KYBd5phRs0xhgJOdra0Nhmg
288,VCcH_qcFNa5xqDvK829L1IDMtuLLaUe2s8SxoJ_2Qgie1AVMkNm02QTT2-pBmRVccMmsNsNB3ZpRVw
289,j4HIO_OYLNlrGZaIUfIwSiX7EaF4NBmtEa9pL3a8fVQruH8w5zfjLeCLVhxnGASc6zNa7So7VtWuTA
290,aUTtVLV_MfHx0XnX8lx6yJJ1CkutvOEw4Wubf0Oscmeoi6ZaSUw9ZsekhS9q9c5KWcWameMyWgN3Lw
291,xyzkIKwnqK5Qw7ixyepWJZ21QnOrrWXcRtTQ3fIM5zU2b9AulKTQXWZ2oY_gatJjASiHZPiAb7xZkA
292,-xSGjjVwDv1woVR5gjq4R4VExsMuVtCwrA3mdSz5aj2W3MlNc-11VnnWrdZ47dbOyt1GcHtsjPAZXA
293,1TwE2D6eNvYrRpKd0U6hqLqRuz6G3Mzztok4-M2evioQKCRzUHHfBF3NiAqVBfeeQ4vYVss562cEYw
294,gDRiLyNm8_XXUf6TUJq6UMoJvaFG8PEwEifkHhwo1-12Wn_p2rTh1ISXmGGcEiE0BHHbZi_JpIBkcA
295,oO6Ss29tT5_vpOV9UY8TMlag9wI2RoyyN5ZGxMbTfGBVPTEIlmVdNGnUoECcfqZCJRuD2SxeL3vGeA
296,-xwpD6xzk2idxdk9YyaG6sOoGVLuhh_WTr9PL_wjXsAqG9ZQR6bVnAYg_VHRsReSOeo3Me5QmwZyTA
297,h2OKl12Ai--29W2tG4i5Z6Cn3mWmL646C-HFPAPkC5oT0_71ocudzzwTy0xsaKMTWU8cud7xpD7mVw
298,7pCOwH17uMSSVOCJmvKvpd-ABc8NOIf9LNcQIIQ6DHEA1OW_CHSIETwa5iaJ6L5a64gZkEy9AXdAiQ
299,Yl_CFMCia_gOnH_qXOhLEGx4MeP8QMHRNHdq6s-tbhdctRd85JjALEMKrzAd5jepUg6UT2A4nCQI9w
300,Vh-U1Zb7cykXyW4kFSny6EreNl_vPPG8-nRGoPFUXwNoPQhVzo2VTnb1xqDjX-76Oz338MvSLAKrlg
301,sSlhUmQdbjT1qqJCepr2f797kZ3G9gLDTQLHl-q9kZSRp8TM6xNIgumC8j7Fr64OxX1c6gMy3foctg
302,VnmgOUVJHtZpOgioYWRmwsloHQ8XYMNCGc5DRNXHKcjUjtcpOd35rbXHvJSkivIu2hL5g9QRY3ARew
303,TRiRqYzebm9W9ne5ZJ7Q8ccSL30CAn2elZcb83T-KZeKVGVFFMY9tHiiKKW_H4hhEz77NO8p0lV6yA
304,7rtodiG6TvYvrU0uHD8yBhlO_9vgH5IyuMfjCR6Nk27rBsGCfrItN_4hn3YqnJYtiDGuF9YASRrG-g
305,J6fuf_FDF_VFbpIn-9OhH4-NMMHdUpoE5gnlsnNvv3l9tGJrOCAzwL8ItKAENq7PtInYsRhUZdLfRg
306,N0vZlK65pEfati0ZkFauvzvMda3-pWgl9h2HwnLyHBh3U4KHsAx_sUJrwnlijObDy4llF6Yuuc4DBQ
307,wV9A_-DYnNTPZTuSjTitA4zot7qJzw63btXn7oTGqKwOluwkcUtwTYDOkcaDdmnHQgGQYshtw0sN1Q
308,r9YysaVnWnqDBwfdvytAYY-y-5WvVjcKYfHjtydC2OEKxhtk60jrDiqpegazFF88GfqxMVbRZP0V1g
309,sTuCS8Q9uu3OZZzBFizv0FV02ZCXjTdbeZnZCyPJeO6NXw5mcrCjvmnzwsonFYrV5BOc0UyW4h3dYw
310,A9RrN82ye0zkN3f3qzCbn_vyaZ2_WQF2gDl4mZ9Hcntty32IxD9fbI_6kmpBOA3-g0vGa7kKiGtQKg
311,_AsZXSCaCgQVhgbbCiSQVoZbSvUFdlWkNiFSJp-n5z9xHTT_rPCLMU_5nPQLBtqK5xdxWXmIe8NVbw
312,fsnD7tMJ7votuH68QY2jrIKwyviV0dynbxXlvP7c7T7PqQKeTnoiFwqwH6jBruTLDDLrmrsLMfmD-Q
313,lZllMAzWCJ_YC17t6xYMLUehMgJSrsk9LgyPs4B3K3hrqHYrx-djIuxyPbc2a6XGOa99LWJymxqfBg
314,rBRsOss7bgDX8FIknkv4HHz_vGa-usVBfyZFZo6Bi5QSStKndbQJOnLD0gOHxk7y9ewUP4-62B9JXQ
315,LTzXHk5yL0ag9FpuMhwBo_okdrAWM3uA5GZ4X_ggDZcN-6_pcWg8JZeTBw9ALx5-H0NIJuZOB6R3cQ
316,IvBw0a5CJObFyMFTObHyFbEk9C_Ox3PJlcSVCq7PFDfg-Mq8mf2or0p7joi5jyZYKMz-abpOxZeGaQ
317,M8pnt8d-IijKbMKQLnQvjaz4rbBXujOxfDqt6h-edM_mzzIpfRD5Waoul05iDzDArCjYrVY6evLh0w
318,d9cgigUIrQtQl2xa9ipclxJo4i3Ny4rJXH59jq2DppBGxp4ZOHTOr4GIzmtQHIqk_JSsWUZIPRVFdA
319,K5rTpmcd-2xCsUHD013zlH7BhehGrfwlitdhQl2-YCEUCQdXWMpAGP2U129HEhuHtvYm_iUYNVRJaw
320,JKhxGbTUd4bp0z694lGlPX9wwhFnqyko49emNOovKsJb-5ol5anYy9bHEHBhM5Wa36drq5ddqB0rfg
321,j7JTU6yXRB2FlVwma2rUbBMuzQSf2MZ-yOn_0X67FHdKChASMBSEd8Gr9JKqjMT-3wrBU36Cv6UWDw
322,66lTfRhN8TwD78Abl3q7apHUVcTnKKpUDr6inYr_qh0nWZkkUqWT8cMX0rVjQqzEbb8KCZ6RQpMLOg
323,fE6sMmOt2T_C8Lm2R1v2E6bJs5YxzusJG1ccECMtnu_0sddeqPwiXwpCEHBwcXL_Jisa6NuyPSp_2Q
324,vVXGg_qchln-10rT47mAav9lEej7ocdtPzqGsMZHOWBNDsFky9TmpboKEQ5iFOWKonoUP8q4wRDECw
325,BM0KzBjhLeRxOtQ546rt7c-gSGnEg2A0czWiwqlyO7xzlAN8hPC64UuzvKNEzz6xbiW0-y5iusztDA
326,MfWt0p5OZW2x1C1clJ4H-y5_kietc0Vb6ZvcE8VE_iJIepMuk23O-wIUaEihwuvcnB6CB5pnydHo8Q
327,kumVskUDl1gHMLsw5dujh_Y6jTEi42Zlbzn6eJgf3vKLmLRBNsHv7GURjgHThVrrhHnXbx7booDOgA
328,WBchB3wflcrkpxalqmbczzuFCssNkQueqESpughk2i6WKN_kvA6syrpUt93rVCsTNfB83h8vtUYl_A
329,xYcjt5GPOsxOSA7iNYg4c3T4vUsL_BHxp2XNoAS5bALKhW6Wi9E5shaAlyWhVXYVrcMkgKueZVFkQA
330,quZlZcugTd1jtubh6xhJhpBrXIn54-3EeKqdehk4cU166FtoIqAw6O7RoFd8_lkzTpXMU3Xgll_cPg
331,ivG2tthq7VLuQoyhYvI6pIm8KZ2aOByigbGqIFu-PpPjwJubo0lU39U0Q33MyhzsLLHMrtKQv58lIA
332,nnGVfiN9odxSh1bml1i-pmtlip8gKOf4qv8ci2TLWD1NBeXb9Ax0bkeHqpHJsvB1gBBqN7Ey26eNOw
333,MCfJTlKQ9ThU1U3pq9IK5abknkBiGGDtThaX4JxxMJdGqV7Xrmjoc7uDBQH9tsNRQv3Jj1BCfOsbFA
334,NQNuuPtExnTzBPybGlX3sv9nZNUtr3qanz9m6TtnEfoRsebxvtbvYjAnp-yI1UwpihBZN6vaoECPQA
335,0CdD6MSKXyhOtDx4kENMLz5zAS1TIc87_V3WGcCFBoYKgDitIv-H53ByxfZdDnwmDzjA5nhJC-RbAA
336,A5_iIv0a1ZSc4jvtLZaSVXPqETZY0YWykaQqnylxaT4UC1HTPqFlw7bMwYBUEc-xIQaagxNQKUDNLw
337,jspLyB7Yu0NSUQCUQOc0Yi5iy7jG_-gPSyN5IOcIPzaZ9_mgAcQcYxcBNDjGrNpCCV0KuqHMiiKKqA
338,IX08EWW392loG6t3-rxIM76xvF6BFElkQvkzcYUy2izAQo4fSLQg3D0vx4uwmfSn_qGXvsnDYxH3-g
339,j9r63TtYHNa8sOSxqh7l-ZQ52Tt9iit6oG64kNr8uMp7W2-YqFh-ZsuDEJM9hD7GLv32jxfSHdsBYQ
340,UfQKpGt156peaVjQrFVNkmBQQoK-iJ2ApW7J2xCuO-yWhX5QgCO5aGMfZkFY241J6U0WfmcCoVeiaA
341,Gz27fg_Y3Z6P8-BSvAVjBWu0tux8Qo_I5FaK-sdEg49yJiubq5WGekp-QDbuKDghhGInSuDEw0ECWw
342,Cqo3Y4pGwBHZSrUwFX6LXMw5Yhb_BFwSRw9ONYdtAYUsq6Sqd5wk8d4gIbBt_rnJ95_IRLZ1rpAZjA
343,vYJJLFYGIVqg6VQfl_sL2dAi35l4HgQYvHzY_0AOrv80j807BOPtOPdQ_Zmx6ig0puYsVAmVi7jOBw
344,UJ4sG0crUyC1IaNND6mMIljpYmt9uNZILWQwLfLS6-XJb-s4ydB8p7M6eOt54RmqlU3YaVpzHkNg8w
345,NBN_56OV5UUpTWbRLhBqBnHtKmlhI0A5GkiqUWy2Ocx5uBl9bxZH36n5PpM_MTXl648Zq9J8cgL3Zg
346,U68505Yqu59zWZ95l6BludoUoUwYBsvIFSZEOb0K_0mhsqgRcJ6RoWIYAbGSIpyAKDZQr8u2Coq45Q
347,Ky-uIPAyQe2PbAaN6Djf4caWEb80x8j7LO7TPf_ldrkhnCA0DEp8smRe-IttMTFPJHtML3aN5jOkDg
348,ulHRnsoLe0gQP7BgMXKL8zq-Xn2JEkKjmZWRDL5EUbeViEFNDVkgiycB0Eq9YdXpAkInqNI7Ijpghw
349,mhFMV5CHimeGfRCSyhB-Z1LTLTXC0609oKLOQXmxbCjpG0unxKJZDehZt2A4m9Pl46PMM1mmVg3Iug
350,inAnDLEpjNHwMd-s6rROzPiSE4Tbm6hlVcF5LZAd5oKFx1yrummRguo_fnf03MJeKuAkSA-WbFzv3Q
351,0B3in-n-IlVh9AAyykfOmN9PFGWXwJeCCESJ2nGEje43WG4pI3isew5j1iZ6m8IZudMZVWoVScZqow
352,pZC3mn85MpwsnCicAhjwouMzK1lCIB-1h4bXD09Qnt020QQIDCWIa5V6GbmsNELp0AyDnkI9PY32dg
353,fa8dNRfessd7_hec0kFo4KmcQQqARQdsjRj78NbkKHEgvtbOvKtFK3lLehVmiuR10vywa9ephmB4hA
354,4JZQIf21AZvybV24-e5ZyZs9I5mujakYYmu8C9ewocwn9sfs9aRa8Q2KIOGltAJnYyJXLTOZJlYobg
355,lBWD2Wtr1XO2JyOEOJ7r-m82rBkCnhdVMcnkOwLX8ysOo96L45b_heOPS8FnlWF1Rq3TUFIlO6BRZA
356,CHgaM10LVPXCry62puYoq4Z3sUsqVK1K-ZY8uYdvh51GiHniO36YVrJUsvCpHmkNcgEFzUGuP8dT_A
357,jmXeheZE5uK_bH3bs1De4R6hCaL3OmTUxK5RnQ9x4ac261vJwz2hP0Vdp79XQeCjZ1XIDgKDXPc9zw
358,2wFxVW1-wwWTxTnx_KAj-PPE5iGzDEJxWQ5GaYwWvfqx630Y6Zm7KTUXhTZDq_6lnDy8rM9EjfEZ7Q
359,VssXHqq70oAFMASKf1n_M7lUgLb16zXBWogq5WLPsP_0fnOWJZrCDzpBPu0nEYLR7BNtddfQsCqQag
360,3hLTyr_rF3KD97OnLZL2UqrKukxxRUn_G1oo5yP8HIX6K81PA1KF51RSDiB2KaEuyHIoV8ekJpzi3w
361,0n7hIBvL9a9-Y9harEqssUZZd3xLALeCkmfJTtY9o3selUidewJAaDlJUsvMpJzaLZpl_FgyacXCZQ
362,zDgP6DU6i2OjL9pRnGci6DI-DyRoR_6NHO4XI1JITEELEfPJZSo_gguCfMu913qd41vOLqo3AFjh3w
363,rwP_ZZNkc5VqdyEXHVJQ-OkEDyrwtWp-dbhm0O1sf99BkEVXI3__FFS8JHRlmQ0_0G5H7Ob8WLUZNA
364,8O-GiwalCNQXmZxDmYpoatTpoun9J59esCjGyhETsdcVijW1V2qcIrLavOJHpIdJFhJcq_NrOp1x8A
365,KjAII3cxrlXr5fnoms_UaUbe6M5uOChRyNMq9voST-9UC1X2H5WV3wgHTyu6bMOELSh4v0ofr-W0uw
366,h872JsannyHU8QymNqo4k4P8O0tgSQO-BIObxiDleXZfWYiEoXIE8x7iN86MFB5UFM21LrIgMurORA
367,ZqlyRrO7ABTmgtQ8s3IUbIKkpYcyRWg79kM3MhhI3TUV2TJ5dtwAzNmhQaar9JzJmQuDzZBWWI9OQw
368,fSQhabxJyKcZJ2elDrQsnpjCJZwiAJZQ2CTLBbWdx8GYTyclMN9hTN95MrFlnBe7pHyYtlTQXQtUmw
369,in_JmpJKMguj_OwtdMVHVXEM0ecdiRynzPCKJXKKyOZRlUIgbFOJdKLUJDk1ejq_TTEJqaQ8U6iATg
370,T9yU91DwXVTxZ3DssJz4srfz0WPQNh7Y9j_dRIEujNR0X2M70qDOZxJLQgbBd_n3csq6ioiSjuIDhA
371,MKPbLQiCEPftPpjzrpXOCN5_XD6x5PEDtN7oG_m9ywO-MLOjvRudh02NKaJSqEQ7K4ecgM17moIO7Q
372,i9TxU1s306ShYVykuKvRFwUlkWhEEz_61s4u8rYsKt1iSWqiX9dKAAoX4QroT1J91ouJU-xUl0kopQ
373,ZuZkgEHNxE34gxJCS8qduqokKKvW5w3I0n2vNctyhQ_EUnhFl7ijFC2RYe_S4aMy94DT_-B49Q0PWw
374,OfYDRfGaKMjiRQu8PekPmynAgzbZeZlcwyaXhC4sexQoZTCKKfEXJdXj2jHfMHMb_x7MU8v0V9FRcg
375,FsDq_m8UtXKYbeFXFsEs0EWBtWgrvNgV57NWpzQHptP7Et6c5vvadQqEXM6c-8yPSiAUSiFQ3BOJng
376,ut2v69LOiS0E7zOqt-WS1ryrsyA_8Q5zrX1kng6FBik3UANpm5SAyL973jhdOp0NcMdQ_e1k_Tr77A
377,TxNzaI4vfl0YkQJLf_PZRGM5FhfGdfltjT6fk27DvBBWIxBDcR0pTCw2DX5TAZJpeAA5CDRvhTaszA
378,EuonSbbv5CQ84R6RwuHy38RWWouhyY2i74VbRjuEoklpBznuLe3yRHm4-qOE0Bezj_aOv30SCLagZQ
379,CR4XXjt06AC1X_BI_2AZz54H7296CmsapPlT1y-ylc7Z0D6fmnXEDUufaat5yh4hqKy--Rmpd-wo6g
380,YuOCImvhxGO_89CFGvgl3h3FV9Mea9V25nTzPQ61MAvPyJ48Ge7pAJnfEqsw4lpuH0pxXtN2SQqFVg
381,u1PVtxzM_RuIPV1-ak-V0ys6IgqA3HzN85NDofA1z21k0IhurxWZbwEQarN5vySJtGliT1WPjZ0l3w
382,1falIGrDrXz9CDMAPSWpqhcM442wUMk1OKHjAXtZir1VhAZfgsZZUv3yohzWXPDOERxmnjZtZpxa6g
383,E1O2c0didOpXo8VjNSZUsnSt6XSW3B9g2Qt9PeyhvQg72NkDQ_wBDQE0FmxQ1t61Z5IDiZpZhPpoQA
384,WJd-6aaSBGiZZLzQMY2Zn5WwG2wXjTHK5o_QCsWldunffZjf5qIZM4rAnT72_aIMdlVdfQu_oSsHhw
385,qIOEloJuyFxBdozrpMmEPb4o8u2tmXeYraIUQen-qXdYSt6tfkNloPcYQueb0_X3Kz9DDuuUI-gx9g
386,BLBZy64X7VGFPnnxITN9zRTmt2MADtZqV2P05qv5ZZrQSn0OQVmet4IVmudHp2PEmE2BVFJJxD879w
387,Ex9f7-A-S0K49aUhmuVLbNuj5fqr3wiffroQT11v1y3LoyrLP69n2KfsbE3diWwnso8YP3f41Zp8fw
388,FgtIWNc9-EGWft-hn-yR4VIyIbzwx1DCTCZB5WeTePYsfwIykwLKJJuBP4jTmqJG-dwzFSKYNPb2pQ
389,LH-GNuX_UU7bsbbPAXlMQxkubk0lG8r7tU4UoeSZlNZMjOAYjyJaJJtbYETVvLz1gzNpe46BsValsw
390,UQItz9I087-xAd0gImVA_Mgfo0ZQxq7RYytM6T7XQy4vutQ2Po4MtegMKPpIeSx0jbHE_2Y2ij03IQ
391,_M7l1giSuwX1tTE3HALcpasv0dSr-VOmbhvdyZIQr4N7kdLs79JXR5vy0g_YpKAYUlky7uRssf97nw
392,X9egIFHBc-atpUvQ_W-gpFxMSakVI5Byyvo3WpGDwTLiNkc5aGMl-9VjvJwcs_mlytYQg-_LM7WimA
393,rR6eSpehBwrQ9W5FIG8evY5_sKQQKJCBnttjqmkZkfZghYT6MZFmIS206vhIGAyYZ3LcrfEj1bVulw
394,MEDHAUhwG8fas1VhlhcgFIRD_p9r8wkjdJWKCfttHFjP5aZqPylW6xLwhjGnq5L206NPe5KAEalgHA
395,2pZ45R7nllPmCXM2njJtVCNhH2JCEfG78XonO9B7TWatWloWurzZTbNGZcbFSUmppPxMUVWOa6YSaA
396,h9GdjwrXckX-bv13u-1RXRKGLiblOdCAUh_3lpJSRAKZwl0qgAgkCvZi7g9nRm_E4hd-T2_xYU1ZjQ
397,2BusTNP4hZwTCwWzASJOMMCBsLvwirlh8HZBGQSsV5yPXlTK6c82jmtJWzd8_XFioMUr4YPh7oGYsg
398,N4WVJMdTFZD9wCavPu6wPFHAMqVVVAg5Gb0Qu95zstlcpdMfIOphO3larhR0WmL63ZTvtLzTnL28GQ
399,8KkCkOvD4rJABS2JyqgQ53sGv4njWojNWduDwVPo4PbuqJ_WwSNNOABvteBnuKkZh-dQ4WL5sYnN0w
400,nj6GQyuzXiQdEOhsVTfTd_REm1I_bJq7DKpSKS-jjdnI4Z5CbtELq3S_hGgp5gAPKb2PFrRvyXNygg
401,aJAIsLNUz61e1Zpcs4irGkmjN-gJIi68gfjH6X7yT9GrHnRHubnC78PwI-JpHtmiwiQDjqmbQGWBYg
402,NDf595buO_ZzquZHkqqbBEV8qj3ccHiX3qJdUvoj3OsU8boiLMcLyX6r1936kRfDsNDNQu4rKlmLrA
403,QPh1c45Qiuz9wxNnzFS5M6gMrt7wFd2QK13n4VjKWtvDuCmW5OEVwta7zPqBdWtgdaUv1hcW2V1Lxw
404,pv561lCLxAzXStovmDFMasQUABAFYDHZsnyyS13HZKmvZix8iNNChL3R43hQ3_QRSlA1fwr9UCDZCA
405,gvszmtQ5VV1uenCDfZptVIg393E4ATcMCCwLBcsZmbnIhDmFxZEUHcom5xnj1a-isXcpPXMtrl1nJg
406,nj1M3wPfwrkzHX4RGTVWuTvJ8Ad0tEYkTrws7ivu1bhSFShho-rF0Bzh5wWkGmhXwp2pQJ8mVzvDPQ
407,LnGSOGc2FWmc3kJ7l1BgeTPT7Zag9RqNpMCm22SO9GO4iG-4TKy4O7RcW-uwDjurR6zhPxZJ4VbskQ
408,3clwcxprYaTm81Vz6sqaGAtqS9n-8apIROweiz1jJMttVL90hhzJLrcu2bY-h_NVCjt4RjN6tHr8Tw
409,mv2aiL4MR7yTFDKkMXQDvMN6xjtQ1nN-kXPQ4YAePFGTA33U-Q95YWxYTM4mzv0hjy17N6o0j0pkog
410,EYn7DML-qV-SbTjUIvAlM1ekjjVphvlVVvL-tSAr0hGYK3F4T1zXHRaEDGEFCNZs48D6pZB0pFZfLQ
411,U05TefZRshJ5WAdeqmtVHpg3JH6sBZDbxaFmBX_D_F2oHLVyZf_8Dnd5S6mfsHTfeCQxXAiafNHQJA
412,7QviKKzhaMioGpV7A5honCCp7_sAl_vXSUVvF8sVbOoDkKvhzlVqnok8PAsfc9xzol2uJxHw-WVz5w
413,dUhIw1lfUGRFYzG9Y8t8TuZcMyzhCLd5NDyYvcOW_lMmbWBHnSLQOgmS0SaLg1zgLLNjQgjnS9MmaA
414,CFROdv-xoMz0ljEDNILagIG2wa14u3IVQVyTJShlAsAfCsIqY3ZP9bUn__W3mNGhqsFJJcd1VDIDIA
415,xd2ZhW3dtNJTRL5KnqQvBjgg0wIzZXc1uHziEts3ka4SFbi0fDGewRtRLWngyGYX8pwaY4HAJGd_TA
416,rtiFDN9_P9JivcLmQ2dOyPleyn1bMgCgd7f45Vc8-vCFgpkXLuiOzdG7wcjzQKBSCzq2whBn-n79FQ
417,N7NNTtKVBYNHXULSEz3EmtBVUTe6drsjUcif8Xvx3K6a-SKRMbxBB-7wYmJBNy1afgxzOW_G3MmJsg
418,EXq4ncXDLndZN1YrdYBnSJczAuxL8HgZ-RntOOtcr4gRNcLFWW2Ct9JbXK6WxMTAfwyLsC-ibrFRAg
419,_DGoGCB6urcEU30ONCj0HBC7ycze3CQqsWB0es-f6Y2gzLsVhWVIfB5pa-OSqztKueNzdxz5W5ckYg
420,QfuoGhF7n5s4bk5RC_3eDDBlO689YZlwvEGOMx2aOJp_n3KmhGRYtp5IC3LB35LP3KPWeFqLUfzsxw
421,GmPfe5gHOsXBcx1Ygaggf4Q6r3jQt8j2qOc-MNdmGFEhcuHgauxwl7a8NETDtL866YrvhGFiWLzaOA
422,Nq3rC_s4hbYl4NJLN_u0f-iaOg4Wf16MiYxnLegF6DTYj6-q9BMv_J3P8g2Hb2hF8PdFai8-GpRV8Q
423,s3dd-6_KOUzVn-Lw5PYzW_Y0xnEY9TQm6wIc8GgOlYm3fOC9M2sr2xKB2i4y7pFczOmrA_VojnmrPA
424,Qi5KOkzp-2ixUsCnUfDrVLftDMJXxZR933ZwgEkYq_oV_xCTWCiY9AT8zOHqygxX21uGoC0s3K0ZMQ
425,gx4EqLZoEqJkX1nYJvUmUE7CmyMm1TMY2ZBu8LkkNSp0kEEq-rsECWVyHc5PZM0qT6IeavDIHLQbGg
426,liFikj-iQVvz7yxuroSekd7PxK5ogpw19CjQpyUANtYs8bxg7XecTV6_noICCLGbyTH2wMR3Re3swQ
427,W6PNSIBAG6PPoE3wMDfzEbbK3nJWIY6KKMY03R0IlmvVay2VZ7rF4b0hreXy83I-Ul7_15c-4cqBpg
428,i_iB-8uTFiL0Am2Xf_ndacGEDduuW6bNJq2PDxggruF03TqdYTKacvOgkoNrMD4RUx4AYV3So64y2Q
429,1OpeiSj5G9SRaWzvycpy2TojFt8uAFAkQVuRhfxtORCdb8qz0XydzVp073DfwSEqLi7xfEBWvIfRzA
430,CM6OyaZO6SBFi2UarCoI49ezrtwUBp7z28qm2IgQbJH3daY4neRY35voVpvvA2G5lxORM6nGI2M3Fg
431,RQ-kBfi_shIQaKwP35EYmcw_lXPD6MRFJBk34rNCyoXmIPjIgAG7EiSRuZ4IHhWD8dOnu2fNxJgyLw
432,SSv67_B-90Sz5NqsPsa1Ts-53hMFpSGjqBA09qKIYw4RqM3Dk3iSv9QC4TjURaZXjRrKGBHN3xtudA
433,LOu1BvHwtqLxtdbDMKdwh2CZgtjeHj0b-KN8LVtlQ2GGlmbGWKENIuMgPlRJjs9kuoJE4eBp-yAhTw
434,M4l1Ogn77r8I43xaEp8Y0xAQIqMMPLW0zHabjbSmj79xjsnP9VGduFz-UI0nGeToGtXY4iQvQVTKTg
435,seFEf6t-3mywMzFtzUdEAQu7aQhLcX_8WrGcH1z2UmZ8ld_9Oq8pO5Th1fhBnC-tlnbuUZP35J2WfQ
436,8mokrJZpUkl9mEoSuCeyBavFI0er82HiWFUy8rPEgXpZRMQGIL8Qg704FkCScGOl0b9aIX9F0gZUig
437,6JeyHzXocNK1e72z2Rxe8TK5X3e2ULu8a0thg90GuwJRTD8FuMoHxft_sVPxqxL2UYTjmyNugz7ZZA
438,1C-XWtuzWwYNgz0PH6kfaZaoYF8vfsdqaq9SFqqwge5nDAi9BN5qDr9Ob2t9VsQUuSyKm9KDaZT0Kg
439,n__etNy6_Z3IlddeKjCo55YJ232HVSnkmhhqJT1cgRs2DPsjwWJL7Jy7H5gzLQEwlPiIN3n79GubtQ
440,JgtNb6TZz9-jOyLhdYsAf12ipg_VwI2rMtlQvsAbD4yofIms2bc7nCJB7YeWAFCS4awb4KUL4hNHjQ
441,T6nBPKqs1itJ_FrH88Zltx1g5Mh13VQLiTkx2_PSgkIsCvE6bwUfsQeSpUi9K-gm-YkncrSo2-QnBw
442,9j57Js2TATQ2r_rarOVBj5Kq0nQOgCpB_yYinpGb6H1CEjxVye0OHuIuc44udV65IEc4aOetvmhKlg
443,ZDUmVQWFGJ86JwaXOG5vCkGZRPfCsFrm2chDq0ePNxYIF6vjrZwKE27T1qUa8C2YNgnyzyj5H-H04Q
444,rdu4qbB6WbALcWNZSTjCp66o5ia7YrYEfbDVM6HwyX8cYsXpcifSOYrDsw5vxDiUgeg5DKw2pDrDHQ
445,co61_XzJcn5aYkyY5Mxdy9czrDzd5HUWIqhQkYITgDWedDWdVNqg0czshxEmMUvmIrkDVy8k8AHp4g
446,nMGJWVgcOMDkR4oae9WlJw8-TbM89UZeniLLsgkWUP1-t9_wgXqHWNEp-2KOPaasEzS9RcNtdHe_Wg
447,-nvaRWG9R2I9rQIxhFJwg6jZi_JKveiFeqKX6TdtCqOcmxEt0QMCBwy24hrCDDU-hiiXRDkxc1tHPw
448,S8-M9T0FRzOp72LCRptsgojNCJY0rYy0F-jyW6vOKJdOaUWl-ywBl9_JVdkIDnSI2xz2ZnbmbwgT5w
449,Fkaiyvlsk_7ZNKMwz-2aZM4hEXNOS_aTjoUOLqvDOHHwyZ3IS7HqyJS3ejlntyTn_HVwAz1bvIMZcA
450,n6ENoxNBnBHhy8PB-vfMQQvJk7H561kkKHNgzGapO_jrfSz14OaVR-czRlIsrAJlEaQ8cmKqN1a5Sg
451,5wCTCPBXtE_ngNkm-7T3BRBENRo37sHUco1kR4IBD9IS5AzeHAuUXaX3dj_UofoMmDIibl1T7iZ0-Q
452,IqnUuBKPdEUHCKl9mEap755BJXtOMnoE__d1ZybYAaNtzg0lA6Ty2bdYvNhBONT_FBwLlnb6cpnD0Q
453,XzPdQm5T2avOhjE1UVaXuNG9MFTTAbIMX_yE7urSr5ruUaIVnJVeLc7xX26HXQGfOktajCdplA9Rpw
454,Tmkyrs9F3lMi5sd1Gv5Q3lD20nJhGazkJOL2n27RDkutkMqDzoewvBqBmeq9BW8jUKjK6HQkWfVpPQ
455,TM2wW69tLmC2kHcwGI5T3ABdaUfuT7xWAqi3hOCtoViT-TDUtrljEtePlwaALd7lRFf4sKaja_KsLw
456,Bb_6p2XW2KwzXjBXS2Dd79a0pigbW9fxmQki40F4PCC6oYYSwfB4b2K3E3Mo23Ac-KJB0Q_0U1Y3Bg
457,LrrEv8vBEGzbOhHf7UeCbpx5r0LNdzmrnzTzZUDxEbSWMXkq_91r0FoY8c4rUDWOdrVg8ZKbeULUmw
458,RTT01l0d06NJCPi3BQ4VTnO-ixZPxm1EC0rwqxf6BLGzUlkaM9eJMDW6eIPw3pP9-bRhmfNrtdsG-A
459,ctokmxZFumJpyI04CqEBZV1Wy_LGYd_Vdhu0sONiDNqOf-iZocXi-dwqbXQC0vkkpQQutl58ru5_Ig
460,U_NfFEZmoWOjtpv6nQWPzj-JvqA0FyB_RV-67TRhHjHJpxqzOnzqYlNQFAzgZ3Gi0jkj-_GQyuurAQ
461,4cXzPGhI1dZXJ7MbVdUyK81t0fRc_i2W9LWMr7hH3saA9XjSJtulU7Rn1d8w4MpfpZ-T7-CWPvkZEQ
462,DCRunuSrVpXjcDkVw_PvM5Fnqw0pOt1Iue6sZcefvXbEGmJkp9IouhNYo07fqPJ0T2f8nQSOt-3M7w
463,9guIGn28GXfY5YnvHvu2c4K-KoyF0qxtsyfi624iDro0xuH_Jgb9huWAAG-HVXoySaicFJYpXEdvig
464,fAI39AB8n-56IUaGVwZnmvbN7pNUJEsxmC3jdPVTlOWdJ5aDKmvZyjTukzgKBpqCvkGPNUt8GItwvg
465,LDV7TfC2ORz8H5xlNA-24fCchkNHxxUgl8nrXe1jkmK_SFTf2ZZxA6zqrUIZ5c-p_fqEerhxovYLQQ
466,h-SPnavqfrtCJzh_ZWtygY5N3ugu48RhrJndin6ScoeylFGz5x0qKY4oYBBcg-q5s7skUtb4iiOmdA
467,4_YzFUAw69xN5GZl22qtFZlRmBAhDHB-XhWiks7vbrihFViwO4YVH-k3O6ysHT_eDy0fbJ792aY6dA
468,up7f6eSwtPQcNzjUartNR2uRl29a5uf8bvomO63NZqor0b_ZHMQUic-ix2JUHfdAcIpQiBBQcxOUow
469,aY83YSZqTNO0KBBCnqbIFUcVb0Xh03Ftqg9Shoqy1KTs8S9fOA5PghMksQfzVHCIKfDBrXzUmGs8jw
470,kci4OT6nxJMON313AP9t4MNd_XNpkCfup9C-cqIkEZqeQ_Z9CD6UUzVcQQuYEwBzhZSd-4emNZ3wXg
471,SNaEDzMmYG2TAMdmx9QJLK8lE3Yg08I0LtlYVsChHX3EZNf1QieDxPyL6ALquTpzOrCcnbonDsGerg
472,BPqwjY_lb9IJVwV17R2Ug0zCryUYUMEZk9dWwovUghjUV7h6Cr1jHof7xZz9TqDH0C3FJVJtaDAvXw
473,rdQJPcxROJyGXVtEyLJi6twxJeEAQr73EvF-0V-dRUwqTUIM_Ljtp9NP0D_SV4B7pW8YAIke67FWow
474,tfKn99Y51SbtnfU83gniOcxfZCxTALPGcgNu-weIcVhh-CwJtRP5GK54H1GtczsjD0lTqkEZKSebzg
475,58Bkxb2LBhc9EZmzyXblk_6cmyAP_43FHeA5N4DtwP7S1_pfEYISBvO9B71qYQgCvIRcjoXtYBG_iw
476,DrFaNFSMJDUKE6S0A7JMB1k_vQBiYgyIeV9wKcL5sXy_nYd1m4xT1gbIAhD9CNBhqIXT122ihpj_LA
477,TOreNmsjgVjXCnudDCj8GI-4Xt2a1C5xYrTlzFEeV4gBdLvalTXaD0EJ2NnLCLYBtfhgrzLAtQi_Cw
478,45fjFG3Zo5sV97bFD7TGb_EZPzI-XwGJUE9qn1h4s_19zISOdtECNLBaQKQpTfYsijuFRNUdx5AuWA
479,YAh8yMcQNT_Z2Eb2x1D8otGCjOOTcTbx92c3AqQtWaDyNynnih9b8mb_htAHcgpKc1DHb3nKNcvvfA
480,jczhnpVNTms4kywyRUbJUOEeofF0S6nlGVuCFv1IuJBnZPwXsYueRo8tjLXhpo_rSHaH6bjcfA7ylw
481,3Q1ba7yh8aA4Cy8oPQa7f74-sd1qLKF95hCnNLgMWH1p3STfGHrK7IRh8E3TIXmQ53WZDClAdP3K5w
482,IOpsptjbTK0MRn1WbUVw4pvMLeEZI6crSyesP8dNUccIfj1x4gZQ1RNrEhNy2oLY2vTljlNG9j1mLA
483,bxx2JscGkPw5v3FrF7AupNtxM26r5-duESsyPwelPwY3BCWJf5BpI8cWtXwHoAfK4oHbsrKF74rD3A
484,zUTlIZpzVlKOWoEnFyrycAFRzzQShVTefZChXZymscPIbjEohse2KTzYilX7oZS91LTRISdTPX9ulA
485,8cP2ON75Jk_O1iYI2UB4LK1b6-0TFqB85i2EgwY-XyPaAYNUwT8kQSG-wyg0dZfJOpogBYcVyXlfvg
486,uKBuQ-TzfhV4gMKQv-tJB9oQMv3rbRPuwvLtfegvX8CWS5QKYPHlnaJK1ka_GmVJoJz7CDRSOqnLQQ
487,lvc4ULGaqZjMDSv5JRBnWL8Sj1pQXuTQuj8AiMrsqRF3OtM769Hpm_I7NBv2QtV3fBjPBLe2Aa-nWQ
488,Z2Jp4RAL6vSj0cjTMXDYksqTDgmDJiC8_85JxfHXIZwfkKSujiOgXfQnWCKebmtKAgi-a0rX7Um-4w
489,yJSuiURp8dQAnK9vTCs5XHEJBRBE2HdO_Mno-C8jB6E8wGT_fzuXUODPNnIfbs37t_Kbb7T_IgyG1Q
490,IFWFhb_BBZyrH19H4IEoqYK3TGG5gQdd5ZoMaMBlqbTXG3EzwxoqKZtkW5pjcdXoH4V5-m-_xk6XSA
491,7cL4_qbU_VuEVxnLuzAnYAtH6YGl4VtV4JO6odwmFS7qsEXLBT2Ju5PXX-rQz8Cs091ME5bRILmCQg
492,ie6czt175xAp3GBSdvmEZ555rrHKtdeyGCn1r5TeS_ZDSHwmyvzfDPEV8zmdhMK04AAeX3Ru86OMxQ
493,9CMiNxSRQ30SEpMtYaGeS4e0g4fwawnFb7elFxBYm8jrdxXnTTuIQ0JSFDfKcEF2RmPRQt0l3KE_AA
494,8kh3yrsT6KWmTScT5BTedhdakq12EFZyJYRF0b4zcYkZjZOv2TFzKAsp0uyOciXWckGdtnZ-BNo3oQ
495,OmX_tEDF1oCgjSzaEtbXxDV0sMVpHGeyrxGoOTiNm-C1ExLc3M_-sCeM6-OMJZ8ESmOIockhCS4o3w
496,6bk6Q_88etVPX7fq4_jTKQuTR4K7adPMtop47Fr1zFuSBE9Dk7zfFue_F-3GkBYeYXWT1CjanDqntA
497,-QnR8EhFh6V9kjCjqsZ1tjuUC3NZ0YMeAr2iiEPHg5OQdyWhre3s1ewBsLb5QAi96J19hrcxYyNmdA
498,Rv5qX65MK73b8MbP5QggztYYDxgPiVLOnX92TvnZzDn8g-XwcCWg5ZV1_l7cgggx-AcxBoFWC31nHQ
499,UQ9OBCfiZrpLXMJFgLFI7pFaTSneY30bCl1QjqJTT7WHkxGEt41oDAYiXUUiHIde0vou92xOdoRgXA
500,dD4I4OcsftR9Jw7qFfxzJz0c7aXjA6LDXBkwcuhINMVCU4o_A_ww4OuqQqeMt9tH7fKKTVeFul6qkQ
501,DHN9Tfi0biKNbTZ-rs1UIbTLLduytglGMZNlyY_arOqEYIgM2_FJnjMULUeL9N3QfX7oksjLp99KFA
502,pVnT7S_MydK3P_NfYzXh0rklugANnlltwAuxVUMfdwdSV1G9EQTFlmFxFYrVQxmbwyDDo0LgOoGLOA
503,wpZ8hna0wawZj6RdCwg3sxDFL3T4jISq6nkxUJ-FwzJ-LiWGXYl861ZuGbwTvlfuZiKQy5l8ieOLng
504,7dcBtgp2KpKauNGj-OdUT9MwgTpWc9VfTuebVfBkaS-Cu_akJE-TdxiLWmwdtWJ-tW8tgTbtdZvktg
505,C51xFmcndn_UQP_JL191bLFE87Enrs7m9Xng_MRcuxu2oKJ6Tb_l8EvPOdonsS3l8ZDX2qGaI_sxYQ
506,xtb0PuSUVEYdeh-OO5djrWk2apkxq72WmQUEkFkZxulMQm_mAoZgxo1tgAhpH9DjUpbNou9vwcWkbA
507,z8ovmQ-la0MsmAsaBvP6ikEG4zWOmMl-CRBUyKSivu2KMaPxjweOyTgD0cEqbSvS2Kq4MNni6FGgHA
508,torP3Y3JBIqA-6HiPkHRKjMrGM0ybzhTLVe4zJo9dm-392MCs8MHd-9EgDAn-kJ85X8Pi8lGyqv-uw
509,ZaG8rQnNQ8gpuTl2zvP_0jGSPa2TpwQnXDCGfSBw8l2kwzBpZVM0QhWlaA9yjMg0j74cmWWLhZb_ug
510,ymIyyQiT45THRauGdGJ7JftgFWI87HZoa_hpBG5hCYQJqwW0qmNz6gJvXZgEfv10Ql7zxGApfXHC4A
511,PYrtyUeyq1meNcq3Az6rGkeMLSFPdsU1flfEtq1yyMpbMEIYwNppnlEHf3-eXz4gJ98s4NEA2-osQw
512,cmBeQ6lcRE4Zb06e_8r6WPdjnIwcAbchsb1_EgHblOjbP7d_-OUKnIfI54dZWFtlkzv70EDsItIcyA
513,9zRpUFq1vbmwcwoGE1__GuAoMbbjEgq1OHHiql5QvDuqEXC3XN4ygX0fkxrrYVPcfyEudYPwo60cYA
514,vidmfNdbCvThSE0jlu_9kQFyv1VTRRSHtdZNI77O58hIfvj1H7_9lSodsijZ3p2ghsn9VYwzl53TNw
515,vXw0WIpxK3skAIME05XZCSOKBD1J11YWyogZdE0abzI7QwpXWIo1TDtU5OekdtSXpDVgA7WI8TKbQA
516,jzpZ_SwSd6yNOdSqbb05dBiMH9_xhbgVGoIwsjiauZqK2YtVc5uLRi6SRW6Ah9JB57yA0yidEdvPEA
517,njvv68rPBd7SxhJWpl5tu79KsADWYr4dJfzlT1fE3aBwnFkya-_08PfssDv4jU3ecdJJ9_hQ6bAQ0w
518,pULSej_z3SNSdiurD6UuYs1qVuo-opibZSL-2c3WezgypX-HL_SH4TMnZRo2UbQW_d7qAROw9P6nOw
519,SIv1HZ6zkOQVJJY6W-VDKUBUqY9N5zfgmgkUhrqNKvilIRA5YNoljKlKa7IJKkPvDmKItkyeSRuSzQ
520,1cDQRN_UzDuH-DjiIuz9xLGH2dOQYtRKJX_mjlPhC6FJc_qamQyXMwbIaSkP6TNHubRZuN_k7S5nVw
521,4KmOt91mEphtNmmHz9Ip8RHjhxlDlkg2Rds0T_bBBYb7huTmIAXQ2PNmTXmQvBY9hc6RKjlv02Pqyw
522,Yxy6pxI_cJ85hI_DvAOsHF0hg0YtWPhdMFjPNMTV53WQ7TjpbJAHRsYqlVPI03sch3J9SbsB8Dt2JA
523,ADHdmNj1SAkOSgzLRfFVkc4KmfHmUS1nd4EtcCMFtdDmthk4FYDBvmHpIaSynf5e3CeP5GJhEDyuVw
524,Ozv2Lnkof9rqI4xCebsv8Pmnib22utbtlN4ksWhZZz_5YIyUdxNURJHvALMO_KG-mnRIGCpeFm0mUA
525,GTttt-8Ka7SMaAqmwSN582QvVicI2Wu4q7cO8IjU4sCe60f1BHvZHfPpbOjPeyV2kqYVoTfpoIltHQ
526,l8lEv7mO25VeXgfeX9M8MkGUDBtK5Jaw8IwY_GesctLhsKbCe-CpLfFN_J8jxzHd1spgekSP8RaeHQ
527,TJgetcU1jpZ2fzUKYKU7-0niy8xVfXwW8tEa6IXVYJo7Rh3QxVaxbp4oKidsvX7kEo10wfUje3Ks5g
528,fUxGuGhJaOFzIVd3nnDnjnoAbOWsAhwOgsYg-B-NTojxQgENBCnZshsDqyV9jDDIm8KoaDUg4amRdw
529,n3Sl-90h2o7leb-sH4u7i6RvJgXBuj9bAHSCx2WK6AzHuI6A2uwlqqDbnuRkWO0sRYH5EFreH6n6bA
530,IreGzdYZmS-v-qHYoW4efM6jx10rOfT_7TUXgb37GXYo2MQs2e3K9Hxrbii2M95xQDRp0gEL--ShcQ
531,ggEXoK8mSSW2Cui2f54iD0vtSSt4dFyBR1N8qc_oq4rkwqBPBIoEGuFQ5IUu5cReCczwLM8cSOLwwQ
532,uVhFrj8SnhQl1UY1er0aUKwBIZS59fD6vqbPxEyjXkjGVOP8Iu3iCnsfX0nBf98ux3vPaGFQRwZIFQ
533,9-S1MVFQRjVrobNvrPbR3uZ_gmlUcMAQGVyahob40JwT6dgZ1A49cr20ULsjodO7zAymgoD-KpsbMg
534,5TjZA0VzbSc79GRqfQEp5o0m-tFvReZ6bO2EfWTlWaSkFlhgZjyZzKXXhC8fe40xHSgQw4f7bYxcVQ
535,BJU3h1EXOrXnX9cMh42xcZhrSy-8YET6GPzbnOdXu4EOUYDzc4CyoQt0laVYiplSI9AxxI9sMBhfkw
536,hXgyHjGt71G3jmGBJW3kWr0cSlvyfQI7MGrznm0ty51UXbqdKHMKW71UH5rdoe0c2QDAxwR7ZwKCqQ
537,eNZC5l85dFUP3h77F3avQrVxPnEgqpbslZtIa1O_ZQlDh5DvDEXzmDUj65J_a921I1IvZzZctqM5YA
538,IzJoEKGmx617MuGZPANInrtiqcjvqG1cjE-Cag1Di15KwMDOqyTB_ZfUiJitg2bjqUCgtAWES2C0PA
539,QIFkwu_B6hrci6w55QIBForEVF171KRhab1Js4XcH_SlsLHwxuG3lFYeYnFtjP5a7FWkyVarIuVSeA
540,BOoP-ujWp3xtftGh6vFDF7lhascBE5QUCPwHHsLP8a4nIvHUdraWd4fmxsTPG2A4JL5wH1smhpEySQ
541,eoRorqY1-8X7wGhaszSo4cOY7VbQYHlMv5yMFjuUtLVSyQdScxC4WOdc7gdEAErup-4JdzxzvLEamQ
542,nY2kUStCBhraPwETz5ZY7a4TMtk71yqRyjNqWuUJcL4-0Ly7ON5OkxTLqSTblrp5kGRxtxfrdmp2_A
543,R_3L7qfB6Tr7kpu4m-LBdQxT8HBGjmBXnGYQ-aOPXbQ8jwViI8hKV47Zdr41WYUiBmT8KjLo5BQAQg
544,QyTB8Fl3kGUxMDNEvVzJYpSVr_jh0EmK4-bz6j9-xXy9EFHEOraavqF5mtQXjGremOE3s4r9wpNORA
545,3g54Z44L0_hU7-eszJFn5ZHdb5CQH2WG6lFZWCyVZyaKVWe8ow3_Z14b7iuZ3jD67UDGmeFEzujOLw
546,pUNBoD17TW2Ejx2oZ0bsx93Rb82nL0jue1Uo_tL1w25RI8_tIuL_7NTfKeSZFhci4uvtqlj9PCabqQ
547,LzBKyXeCACCWRQ_SCeDwy8h_bYh8aYGfH0jBHCbYKsEG9IuGooLTj0nFdwXHriru7JNDfTCQbF08LA
548,DYvwSfS3yzncJXUNHYteJOr1jEyzl76tobzcTBirNlN58G9HyAxtFbqjUwvTjyNEfFMOTNNZp39EVg
549,EatLN9rZa-ZEUynGHfMbyIfGpkOBGndmsKU8hsmxfFOWRNQdVaFAliFmFOX2IWBndp8S4qNyCR2YAA
550,IEeFBgcteIv4ypEEBhCK2dbvT0iCd8SUL3AV4mrjxeb6lh4ysBWj1B2wYGi_kP5u_M6z0oHqmejlDA
551,avET5o_0nTyP2hapVsn-bp7KOd3JXqYGB-eh3FC5_ZzZpXmbwnJiWQhQdqf5ed57csV8JKHY5e0m8A
552,Y8jBx9ki-QqF-BQ8caOWQIUnfCoICL9jyWjdAp5lLZwGrcpF-PlCx7B7ebiWDoXrFPvNX2roJPq7dw
553,LFFiSPp8yB_TU0Z5BNOiCKltNUlDHWZER3unJoBNjre4qZFQaNDNmzwsMjr3YieY13PUKSJlkLDpdA
554,CtFHPaOj1UnKmu4YPBLs-YQKLGTaV35gLDfmOoyXt2ENwH0-yZE1L34ZYHWsc1KggxMEuG59uuq3qA
555,Z8lQxrkQSizBquhSSqQ7PyAY_PJnWoxLEvIq74isVVChXkSX50UMIjwypJEz0U47gwGUVsm6BU-JoQ
556,ewHEUCCZIfoSGD6WTKLo6BNM6LTcakg1VGuLfUK5hzg1UaV0779Mz2-_KU794whbWg0XomBkJUEYIQ
557,w4NlwgAr-OICHPeOPGHQsEvNMOKVISmXSzsvflNx_BDCs7YJoa6273Tn2YprdS1Wc0b2Ot2KUexuRg
558,8TrY_YPJmDCmSCIqNHJUJdSztoLDfeEqd6JoHCqcD2Ixugv70YBfdMNpqLI_5-9UHmgkmsv2BQX13w
559,F-icZ5Jz7HeMibo1--CSTKzXhUjVxD_urKVFG3VuNSrTTGK_M45NnmuVYQfGRf-oy5KTaXD2ftoPeQ
560,ZBgm-B7BYmh5ZtlKNlg6YlLIWXg5IRdCIVCm2pzDrp8rYHFyjaya-yyEEk8XGESovFg-Y7xfsMllww
561,lgn3ckmMOZkMnx2-AWkMPAHWkSf0_8MIuGNkfZdJIN7Vd4EnPxmsuRtUGWpRJQcX1sN4Zf94zzlcuA
562,Uc6LK7dRPdHxbIrQ2D5y0tqtuUBdTuQWM7xhobKKIIq0n2Am-A1jaPlXx6Tni8XM35hxnEbjhh_XfA
563,dcAj_tvGQZRV9ihT-oSrIPJ2pM8BozFVvJ7Ht_jZWa2ErapAN5xLe8D8SLFOanq7U6msqcALDvlArw
564,IBeSM23O8nec1awFUnGu4Q39em1AqZq53KcWPYCFtEI-4eGSZenJQooOgtU4EtV-DQWbpXdvZBHR5w
565,ssEReErb5a-omRirFaifSAviGA989-3jpdyxoCweLM_sOlxflnbPbixThJiByBSprdTDBNX15Bue6Q
566,0LzmWo6LBvQ5ssBypaULJe7xRY6TnAAhoNwoIedKszGaiNdtfd6Bd1k00VQJ2yYwk_vwkGENPeMYXg
567,9U6D46qaBvPvJJB01cfu3DynnnqGmw28fi3GmD9thlPfCcIe2__Eyyl-Ec25bpgWBD_2e805PjZX7w
568,xHYV7HFSgBRBwbqSq1GeFGyWSsVkk7qj51V2P4qOXrtGHTLAT6avA1JvNr2-w5Bzos0xfthgQHbuDQ
569,jW6eqRFc9SRx949prPis3cM1ZG9pJe7tzpo3VV9l031dC_xF9ZxtagWgFH140MA5n6Wy27StYLWMDg
570,jml9bGAX3MMzvj2g3kSf8P0KRhGOWuhTOCq20AXxZoXal4emV4bjBw6eRwpjIwObKJP1erTjyqqZ5Q
571,huF1RpqxLnVMe8xY5vuvva446V0VkMiGyOsN7El2tvPCNwGKZ6iCn9CLeHzbcN3CDgH6fH3H7Zacmg
572,QCrEByvs5kjKty8cn5-fuh4eFlmQOptdxpHDVcw40uoYU-cBdmhZLatWOzH9Hust2kiu42kFGZP9qQ
573,aribq7a-bP_3u0eQ71qpjyMVNz5otQOOotXU_jEGvD1iweWH_CQf5Hdu5aIqH24-bheKbbASyjeR9A
574,kT5OQcTeUdhBxdusS_aepE-VsYVt9xoUYF8FUo2Nvx2obZ0wCzdoB2sADzW71mTnZjIwGDEflUZ5tg
575,Gc5np5PJRFO_bdOXKjAKM4J7JPJaEiylCczR4chx6wXmxpLb-BmvYIl-b-L8hQUBGn2EGsCktV7r6w
576,Dm-aCamqGCrertoNDX3SxkqkUaAuLmDaR4nPYBLLC7JyDVhqrJPaq6NwYCPuBgEOaRgKnPRx6-3_oA
577,Kf-uNydnAsjg0F4rZ6K9PdRMvWNKAdGGQvUfPIhzClUSH9VmzvGxnhzcwuaN9l9iLaLj303aCCGILQ
578,S0Dp9VDjDKUsmKuKGHZP-5cPkwIAta2-mXJ77y33ebo_E2dSTM6b72o4tAMl4ZwmxrIrCuk_OTXtiw
579,_Ww7jKrNe0FiOZU6im1M-r5eLAmNUdxaZViKKnmZiLWnOrFgalxb0nQoIk2NYnySfY0dHK_wxiU3vg
580,Oo59Me8N4Q5bxBmkqpK0wTPntv_G2cdhcWhsDDSD69jmxMpFrVs9sVZLbv7j74BWnoqC21YJOyOE4Q
581,_Cp2AsMFYAeAH88bo1k_4lXIkYyo5JhW3LM0AC7EwL5VWVdH6cUmmYfk7nOTYsh5ya2wYjoOz2gL1g
582,Nr0cnTUzDC6tYPPrAn_V36oMj0q3jPU5PxGd5GgquRnZtLIhgPhISB5EfnQ_7oteGHK3sJvDQOq53A
583,ETii62V2oPPGChxQd_3dRnPph6HD976Zc2a8-50BUyPRWvId30HeOQadBA08i59R27OOMRYVrFVJGg
584,gp3opVhZWR9tRweftDf7FRL8yLhhiU-VcgkgLoByKJdPVdpDc4RMi9wTeYDi-CZtEpsdl41dTJKN-w
585,P3CBwhMwXXQIcM6Po65qsmSPCIflBeFH_IGtHLvpnlQEEAVnfX2XxIdmEVUzRcteio_6AAtLvJQ3JA
586,5xp8CEtZiWWmxN_F4SydcMek-5rsoMj9m6XdBCaVpotSk9fEJrd0kbqpgv360heToG_uBCT2ryF4aQ
587,ty21Qre9jra8BvhaWizTJNrWtQeTOb3Spfm5n-gEyoRwBVefvNwopwFAjXalOag5mVW4qkPnIgJYPw
588,-lwuACdl3IK5KYd6PB9asokBBeVbE8FOCAyACxMb-89JOBK3Wv2CAat-cs36SHsJnNvPvlJowIYYEw
589,j6i9S2cYxIhXxNIEF0WztCHvG7v_xGHt3NBtdJDBV3OG1XdRgdXwpdqHu6YvRCms42HaDWdTWK4SuA
590,Mt_Kbn-PV7cx8mXb5oGM0keD_rdOr-fWZpTimHdA-jSfTfTfltE-v4w4KClwyuz2Rj9BbHzvGuiLpw
591,GKWYMeQ-adSIhCMaixwiMhrPdaUqpvcrdJUdnRybC5UvpkDkuaBalYQtCfBPeHPTDs4JmwjitrCAGA
592,bQHqdeWrDDJw93Hazno0uko9klJBCMSjGM4opWIJKojGYqE-WMK8ln5E5Nle_8c0zYHaiDu8Z5fNjQ
593,jwMz0OQhhE9BJboP_gx3Nu23p2N1iTULlbXncvqf9eGUVXw2-fraD-7OVM9MdifsGHrM6xWsgtZzuQ
594,N8KatiwFJbURVgt-oDXuLJBCWGxiqBLpvZLxEJgNEXDLctQF4GDAZOs6Sr8bp2TYAkXL1qNvWzdvmw
595,GX8JFG7ePYwTjTvH5Ix82pPE7U0xRjcUaQr0AShURTewedq1hxBPoK9YtlxVPnMH0OPDbHeCLwJvRw
596,iqHu1QQzO_eCwlDcKQ74yY1LYUqZxPWU7ezbLEE4RvT2Hwfg8hsiqvJQtJcwANpT30A0QtvPmzAjOg
597,5C5VF053RXEdOyJkX-XYTTs-Dcxhaew2LvsCw_-tKQIrHhsovbznrxWwQJLokHkxP2kaANofmevtGw
598,dGK2RPZo3ES6MYri5ClQQZvJ4QkLlHU5EjkvVV0QSpM21ztEUF8sOL75ireVkh595dx1u7OSFs3ntA
599,IQ6LmkaMFAziwm8klav9WZWZlFqkGFEBfoR48NNvh0T9HT-qpbZ8572lFYpT1qvOHTNgV6UjtVCNTg
600,OuiZiyVAfQnh7TM-QJvXtoqO0S_bKkP1aExOL2GipeRAwVRVGPA8-y-4Dk8MCYNwFJs1Rqv8jD7Pxw
601,y_4OhvRXwEdFsYEUt2L53jF1uRAiFvnM94HdkOy_l95jvtCxsTSsaTcxVEGZB1kRnyycTLTstkrFdw
602,G3HXGNhHW_ycYIeV4tSd85aC1FaPyhbF6vIVamrl7ZEtS0zPNm3xJbY8ahKVICWN5qTzS82jiliFMg
603,HYAUnHqCRNS2p5nyGQtbbYyC2Aau9i4qz9p4jGs0mWiAKrcnDbUKpwzq8WCGT0ooQrqjH_vfJBm4lA
604,AeMYjDOwF34jPWuGKI76_XBGKt3x65bX9BN3_QAMWi94n8XA8AMeUYlTpM36qsg1xRvZ1UAa1a40Fg
605,jSEwYakg8prFZ4E7wa299WC4zRUhZJxrVC2XWUhZH0h4vmYEJTAh7Ph_U75IhGndntaE-EuiKH2pAA
606,GEXiIixQpWCbrRXklwKMKu8ROpVIVIa1D2x6ie2EbZtf3XIT7vqNgpdpGK0BBxZREOoR-kzv3do2KQ
607,_OgWJph5yyRswMBDkb_RVI75eTsRtx42Dz0R7qy6FBTX_nH7RKP_OHXXTwRz-F5XuWlkxk0tpQb6BA
608,d7PemM8OCjzKqTezN6S9N2hbx4JU4yqE7D5uyEodZd6_lL-5vP4o7ExI3seu42fv7kbq8WKL80gZ8w
609,IZO1abwg7-xcFEMrzCeJWHD0Ip26WHPjjbT3sGDTXY1pqrLb2r9zwMOtO_wEcBrDI14yBEk89_Qjqw
610,IwkQRKCc3-AdhLHhkLMR7dxaIkOpu9FvAU5ps-cAPwUcEN32VNP0qHPB--zcbwWdhIPjZur5mO86-A
611,mSGORnJ9kGe3NujcHa8AjOkbvE1ihCMCaVmp8n424CLAf3UMBFwLaM_m7BbvYg_0FbwqjZKt7Mmr-A
612,vMg4Og1E5jMklM6aA-hHHGhLmg8j3nDkoRX_S-EnzDMdqvUQzDbLHq6aMuupxEvxwiL0eq1KM1U-Yw
613,I04YWu4mZekyrVNN_MkfuXRCgIsAmiYx1uyi6GE4khBm3xV1UytC3sUi_AdKwRwBONvr1pp20N8E-A
614,yN83n7LPxlwJktscadqZdoKvtMQnoOT_MxiVojs_-3lH5IIi5b8KTWHAtoWcZQ2qi6XnQQeeHZ0ekA
615,Db4gBVl2OO84ZQRc5X8Y0p8ZnAL0m43euv4qmNq28iZ9Uj5LnBxoTHMfgyRKEKNI0Yi6ANpZ7Ia05w
616,QrjZqT9craao_eCJaMx4eRQJVel0S1V1RqavQRg9GZCr8_OTWHsuGh2n7COcRIuXhbeu0LZATalP4Q
617,9hrnS91OxEfPyd8dcxRK1_H_I97SlHJC6X0QB4hCbqMoTzBD9yjhLjWEnF23LJb6H5pGpTN7qde85g
618,FLWJZOBBJ3ZxY9h54UlV1l4kfhE0jqWs4-ve_3fr1-TJeULWKIn2KmVyIfGT16yMaYsCpY4Y34cy3w
619,OkS1kBYkGgKFZJut2KIZz_nQh02JKHa3nJ81yZk0SzaRHqjgkhcTgHVA-LtfkYSV9eUIJTHRXVj5ew
620,XFCIOPiWo2ZKD1Anjp1DI4XzVBtws3xDlYJBx49aGAaC8Vwjmquu08THnTw111XsjRz1E-c3h4gbFg
621,iiAG3YOrCkWs7UnpkznCCZLPNvgzd8-aA9Twiq01LUyLqmirWVZinuVaWtWExUIj2mWoJzLBoyLeTQ
622,PZ_4HmGBUjgtW4DeIFMfFsm7Naq4QA08kTvBK7Gr4duajef8bhYB36X1kRHPvwZ5OuelhxWmGm5bUA
623,_ykf3mDcK_oZZGoHtMv6qS3RQULEZGuWMUTlKTdw0PYRnHYyPkb5MWMBZavZ6mFf2elcSa2iZh52Sg
624,TS9kFGKAwSlQIhGQCochQGL3DQV7f8_Xb_P-HYPzkMtAxPLkDOC4NrT0xEa7ACKrqVKRSMprd3ysZA
625,MjEc34-xtXIGCAYGyB62iUpo20BVqfhX4WOeipnMjAZ_GViBWyyoilWM32SFcfgfct3BoyUULJ76Ew
626,ICwzGcvR0dp3cVyALI8jcBdzjI2uVKf47A6_ay-2jqPS6hSjRu6sMLyCpYNwrKFWzbZRiYEK2GRjwA
627,KQjBSdnCcTia1bIuZQ10IY_pmv9K5Z1QjbuzUNDXubIgATANnkagtA1X7dhPBE4i_dvijhQlUlSX3g
628,DcYMcDWPdtdJsETZZlpn3vMWpJms-idxEEyM4S3-VdUAulmm2ATWdMQ88sB0Ue0gG4KjSMD26g5Pug
629,i3fYIkyFGAXdQSTmmaBSoJCGimvEpylVrREkrfN0Gs_WjP2BNyza896dRn1K2dT4XHL-2jNtCXKMvg
630,E4tshJRqeHBkFtjduE_86djVIxrRqu_MRKfL2qBN4m0dWbB77M7G57ExBPVTghJlsvShUR111PrDcg
631,x1kxXHITCkJqTalLJHsvYJ7v5zRty0BX1KG_OHDSyJ6gilxwHl6Yfx5YFAjGCUulSAzQT_Aj276Oqw
632,j8DJ0UZIqnK9DYMeCmTibN9iVZLJyxyqHep65rYCyVuUVRukbqLLHTeQsyG7FPDtE2MrB-hbBSKncQ
633,z314hHRXQGn5b6qj2peP_vgUjHCAQYCvCYy64169vnhc2ip4GQzk5uFzPjXHGpCGcOqehFMSL4koYQ
634,hg-aMwzwHi5MK0RDiXS4seP6tPGIzLVxQijWDqb99ckvymHtyYAepwmzK6CXo_3W2XWiX6DWHjDkDw
635,NlTi5506xERP5X3zgp8xRIyDSu19trmaBBXrkwbMJlu5lkL4EHOgZ9XfMqVGjQZ3Eg2xI-QUjAOexQ
636,TFowKTl6al3V7xbhI7KJfdOKHOPHyOFmVBHAZy-7JWB_CX0w8qoFoWICzKEDN3HA2BijqS1JGjU3tg
637,wgE0wsnQb_ILGoIvHM1l2oGAEAAuWH8itNmQSSaQjA2DMF3DII09-N5Cm42cqu6kcEPlq29H3Ipkfg
638,XV1dTCBmVJlu3UEF9h-VGSIa_slt4Y4yw6ZosD7ysUB4t5gp-XLK0fB9GW02yHluc7MFbdv5S5stnA
639,P0-FgZQnwe5pEQchZsdTOsjj7nLT3vPySlKHBBn3NHKe6Pk_FbDfBma_yZNK_rtAJ7nSObSbkwfeQw
640,1d6qC3A8qtcO0x_WqiuFJaL7prt1viYTBCpqXMDLcbXvJgolMSOGDtbNLusvTM5ijpE_9rshGbJJWg
641,Z4eMshuFWPDe15md6AnsMZJLh58ZHJmnUZ68Yok6NbUFcwowVZq-eFjBoBupzbzv-GHz5ySCqOfXwQ
642,36_gK9EkQ-YQ4BHo3-32oBgCB342VMuhgro_gPmpub9WFqLeY-XNR8UEFeg75qBoJW4Iq2VY9O13pg
643,YFc8egWXFVRdpHAJG1DuixCWfQTSym0KqlthIpp8XliSTvH2nleQfAlKw8NnDgNizWCJGlLR0SEpHw
644,l_SknxWtciMR8ffuJOE34nERJ4AzMC_0CrXnIZ2OCafnqicmsCN9DENsQCxPnSUFNMtsFOwq50EV8g
645,qaBH3gAIuT4ZW8NxKUOciC0AXnIkhl1tdpDx7VjQ3uw3hNL0A0CGB-10MIisTvSrXTi3Cc4cvmsuEA
646,_PkbOni24Jy46UGtpEc8mf-msEw0mlyKoQSNZkpfQuE5EAr9VdMaTveJXmHrCN-0GPcSoIlOfYIgAg
647,-5y8p-oL6QAIpdGJILah5TPJAwxPFFGw87bzAkoiFRw1lSzWy91Lf4_RKlrvyzM2KCAE1RzXqWHcsQ
648,uCBhf6KTGOcQxtPExhAf_0XJ1wjnJ-5ktksI4eQcRNcUVIGdY4ycO_pFAUO3TXjJ_tG2rExEGx4v4w
649,Y0xnVyMgQIKnBJ6LR2lzDRFbWsF7l6NTZMHahTHbV1qgbMfBRVlsfxpX9VcVp55noN1Ljcz5Iab-9g
650,LED8M-NQkW4ZlPkRif2uEe5pZc538ChGPPHaIM7z_29R5ow2QFOiTf_Y443TDIkqbV2gJl72qcnRzA
651,CDLowB6SWnsIq_iZhEcSnGiftnz-z4Pqd9gKtpFUjRt35wLpdRkgLMc61azBvR7BdF8fc_2PgeZUbQ
652,IwCf_XG4Qtrt7FzfZVJ4wxabWAH0WA4tG5pKctL4GQLyCc9miqhfJqQMHDcQiBRUsf9GcC1LXmIpdQ
653,pP8b3jwN3BRbxFcNlwesNGnKbDhOSlmm3BF-idpGQ3uzjq35-cCag-PPuACgqSsVc-wB9GZkqU1FSQ
654,P6nOhtOPBC-fXZCVIr0WHXqhhceVgJFQNQFb6UKWLBnGdJgwH4wJ3BTmhjkrua4mgo5icCfwiBl_5g
655,FCQDwTRDmyebReJoS1Z-XLqimqcONmhNgcfQesbxm50rn_yYoshooX6ONh5ZpeTcBbCytIhLmNuaTg
656,VKfmrZYjvsBSSnQsTED6v5WEnLnrb9WXtS8buzJabRvlkjG2huco6Y-RsU7E6oW80dZZYuCevL4EQw
657,a8OyVwnd2x6CxbQrqk_atyIRjhj3yAU-IzgxosGxwvdZbu-qZVObWVKEixsxUy02TGdwVQFF4c8shQ
658,H9ukpw-MC_ZSNMSn2VNAgdej4iE2zBZPOlM-URv9NJrss4Sy5K4sysRsDVlw6jPUAMqj2OceRKOiwA
659,_3xhPjnssSGX-asZRpxebm5IFW6Iv5qsgl3rrtygER4DK77nTpPA-p_A0lIeoixwhsUiO_P7MyD8Iw
660,5HxjYNr7uufAUkFUWhpATOu1NSPrmy6wsZwDOKOny6v7LuMieKvOSdSX_76iEf4zbA8uJA32teh7PA
661,juOfxsmt4JB39lMPJ7D1UTU5iaWUV09695vfItkrA2z9Bsi4yoxdyz7vPXiHecwaJofODHKV0f-5Rw
662,iTFaEjzPLC-BB8waeNI4aEuxwqzJGJoxicV8pKZKn7S79hctSaSfgVF8Gr8hvZP_sqq3BMw0J4J27A
663,0gPdodigVfwkoFTcciPu2AXXE-RRjXkMttXkNC5wgPZl1GHE7Nbmksv_8P3mzQlHiXxAfQrwsAthVA
664,_Db2r4tTvREG86kPycvlUQ_Iq7wvx8BMEvW-TZcHqAiHWmkdFJ6b0MyplFGisKPdtLY5cmbw1DTZtw
665,GQG9weiE56N8UH5j1pRAzOqolsYfE7P6erZFa23XnwYrJMVhDCt51c-pNPBP2AoJnR2sQEVaRjYDNQ
666,Tdvv8rI6U0vjUemrrEy5akPTcLl7Qglqzm_Mp_DWDmZSHUAfVZL4hb-wng_7PacDeykO-zzQdGkSww
667,3032wc6YVLWQGdA-9WfPPYLuF9cyy_0Stk9SeCWmnLB0p0rS-5v-OLMmUVPZFWIE33pBRnBv5upK-w
668,srUiueO3yEJ_bBXu0-hwbKdW1lWUS1NipXbYT3CWPaAbWNxDaNYSC3TYwsWQ_0OPmJdsLerrmeInTA
669,_cC-_gbqy9AfF0zIpApbU-Rp1hWTb6_SKhDg0UUh-RPObKsMUfooQNegaBb3BpcqbxJ8_kH4BirfJw
670,amAjWzApyoMDNw9qN2mJIo0Q6lOTzYHt1zA3Cwk0pTk3r5QMG-WZvgOiuv-NedcwqG9mPAf8rI_-4A
671,N7J8wnor1lQiSodsKsHBxH4aiTbKMyneKp9rYqDiHJmlkHdm_NDrBx8aWGBmkT5XgvF2UuHjlulL_Q
672,wuQhDC7Ibb1pjD9L0eN83RUO2YiY_0Q0Jcpec_pjeZEkseGU_G7JmzFzHv6VDKlLdQbkjIVKtXKLrA
673,HrtPFQ0eXj24pK-rcsDr5wJsx9KQeBXO-3SGeUh6lxaeNNOEITT_2kWvxhHnTgoxQ0ardv84s5i1vg
674,YQ6Va3G_UBLeH6bWpWgldFxrQZAiHMnriIghjghP1rofafggXdQI87Z55QmTnuQf9YtKCc7ODYKrSg
675,Gs8nEQe7rdFlbhkzu7tTqvost5PGB79uaPZ7w7T2B2jw7p9zgJO2CkikQsRTxooi5u_PAP5XeMxPFg
676,oOeet9gMAiphz2X9njlEpbzNREXwB9E68g5XVhOe1NNclCkW3LhxsFIpyscDtazEi6206IJWOfgBLw
677,S603sYlKWPRYMl06GvIF4Jwaw8CMv9OaxahRzBvgQjYiAf_gGv34FZryYWnD4uWriWmtjSfFinKjPg
678,_-5cITZCemrzDF8ePk4CPWAwJ_s60Qey10r8i7YaalOaIyFDXsKpxWUvOtzXah88ZhD_IcJfkGC7Lg
679,huMi78DN3juSI5NGHv4Jj4u9KzoGUeHqI5GyzYr5XP9douu5PpZRdI3XPJrb_VHHW-BrVQtt-BviQA
680,qEjJqSqG3sJLZca57HWvo_Q-dA2_n6ITfOJ-APtiJWbf7Mmxpo0pwTPUk1c-NiiFf5r_Qjr4rJn3tA
681,sgWNHjhC-qzSSx7q51v5LsVi4h5_mnL9G1UF3BcaOIC2BUrd4IBhgGB1f-liDc6EEcm00DD7tiZ7yQ
682,UlTyIEbbDZ_FlBRlRnAan9IJ9lb_DINxNA_XhFgcvdR0spSekvbx9LqaWWGBlo_-I-u6bFW65XeRww
683,Htvl-_-iSjrnn7V2TqcmcHhAthMw5ymxAhOylYCbVptWni1IQzaOaOiWVYi2xrea6sWNiMzsEbV-xA
684,z9149kteQJYx5fg7Oj6rr9CgYChD0JO3r-NKQoMBzF63FH35TeJKi_SAAR9LLvy6fb69ZY9VHrUFgw
685,PYfmxZieixyerxbsx10K-pkY4-XnLQYe1ixy4Zb6f426v08xsSCMKv2VldIiJVcS6ETEjGxHkG4z-w
686,eJWengQHijgCvo5z4AQLum8qIIP0RiH4gqKEdjKzP0ruxtrI3dp5Tk7LRzSse9gp7j9WmFmilHLheQ
687,JXXF6O7NXRLPtQtLGqdZbResEEL3fztBsM3ipt5xw0zd7kXQc_6AiXTiUkcMerv4tjFHc3ujOHyzlg
688,8ctWIX-HHsjGUQH_1qSFr0baTbwfNoL0q2JyAwbYkxzkwNpikfrlJGDQMqsVeVFmDJ7Olcs1UotCMA
689,aRxRxMeAKTXvOG2OdJlNSA4B4vxNYdzG38yXwnAOqlLg3c18yWH5T_fhOsjWyZKYNrJZBwawudiPmw
690,An6mbbn7-5YYTeYJyOMjXgNRQGeqyWDpmBBlEPdSXntcnQItauJ1-dXpyCaHWJ3vxMFmdgupaBiQPw
691,qVlvlH-SvZt7gJUWrFBTtGgrpO2qttoELM-aW9jP56S_HzrIEx16lrvvq7Q0jqolEFRiHIq_CTBrUQ
692,HsdMW2CdzdZre9w5NvJ6Ohj_qqcicz2A2Xwn42_9FpA1AhgWQmuJ-zqz6QI_M0O0aHxvP51ARw5-Yw
693,51gq_VxK7VuwNnVPoUW-F6eDAQWPg1-fC8fpfz0IZOR2PJf7Nf1NUE3ZqNBFcuX-pknVzWCE2-XmKQ
694,9_5BXJP6e-J0mJFLs6_htc-VDPgiSRkmTUblOVrLQSaKqqDyS4LGLiMSwSJgRDs39zjB8MH-eq-O4A
695,DLEzGg0Khf46QcXewmhqZaxz-9_R5A2yy3XpbpY80pd15Z0gK7luUuOm5WCJUahPpXu4U-jyI-vwzg
696,RPoNUK5SHoPZBudIhFN9X7Wp1yiTNtm0faf5PryuNHWXVmXi9qblSr1oxkLE8rfhhPuJ7Ykowr2BmA
697,0fgGyPM1mXXhoiF7XkP5dxynJAsqmWzdblsyz3tjErEatMxIEAXiiJAy8hvCDVFJhIf27DYookBIJQ
698,pmqKBAqHkUDsd9clRBCayXFMAATiCap4XM13o-tHf8TJPEJ-5YrLCl0Bb9ZHY79Yda5fnfT_F3uClQ
699,i_JD1kIgyaiGJn7AEsvI5j8SywHQKtvFjVAj98conPSCByo4pP6WCU7CxV493Z6LQB5cqXfI9-_oQg
700,DbFWaG6LWmfFYfLDEo6-fZ8j8ncztb2Uo4jt10DA1HYfhOprq_nOfkxWcFpnuH5y8VkIIT9frVyesA
701,FuHbgxeQ1Ah7V0l4Cvz6hURnK1u7x-R8-5X308zFXtLdrEglTX6BVv6VtaMV_C1Ghv1MnmhKFdhirw
702,t371Lqtf8HtdDC7syRLaP6uKb-kMrj8p0H0NNzh1tIaql15UJ82uCNgFyhfSKenk-ELtGjb6UPcw_w
703,kxzQ2wq722h2PfJPrSN1KM7-Z7_N2xit-akEs5iykidbGDVAO3f4L2L25uVjnjNvAVfTzCBQCW6YQQ
704,NdH_lOXB-FWYbgDxscEChSTzy6tn1YvOCpq3tGicyncm9npa0H5B2SvjEDAnB-M52_RwVHVw96Qcvg
705,MrAKZ3558_Z2syWPkGpCQxTFf23ojr2VkaSeelIasDlCUzVcGiGeVisITEkCFe3DS7LWhuPmcW60LQ
706,OBb3Zg5uhi38EqdwLXpkNZoicoxc34IPPVbhIpByU8ZCGsS-PDNDxhvmkYflPVAqvuvldHsukNO-pQ
707,AOnDxcKHrfTG0zLSbmpBp-tuQtJX234XDtq6Wt7TuQOk-35KEYELwu9j149BwV7Dw27vvWbejwWTCQ
708,lmQn4w8goqq6C5mcDd-ay_Z4UCxi7OAMoBkuHIRDqmSk6c63c9Y2sjHDF6IVzEjFF2OrMNBUl8tLcw
709,IBGINrOoXVIAG4zrQQDbJAIYaetDr4OWPEfBbzMs-Qz_I2JLEKRv4_STAZMjmg-l7Raxa1TACmCN2w
710,tfBshNENLMtH6zQxUnvEyIM_Kxrp3_qva6rOy4maBmiE_OudLQD0mO7Gfi3UxWh1uG_PK3GOtOX0tw
711,WxGaiWx2hpSGcwarog4IAaY4NtW1q0SViwKgl50H1Tn-La7IsB7eoLnd3ULv_UHZLv3fTNf9szCVnw
712,zW3PCTA0Cyg-z2ruHgkAavpjEvsJmXyU8lTzn9nu9_9jc15Q0nd8-dltWM3kJvbUlmkp2BcU8GfONg
713,KVItXEsl3EIThlwVgYeB8S61sGz_5vQPi9PD4ALRrwZgwsi5aELfxmlq3jOmMvmQwxNDFhAke63vxg
714,RAPAlBHb1OSjAFP4xUeHuzwCNCcHSHIwiYZP8EwO7DEwelxB51Ma3qA19ocF9R7WsBj8iSgefMAAqg
715,AcMmUlbROe1ZJgCfJak0QEM3Di_wXOyQ3W7DfUs_-JUW36wFGWyyzIqbZSRz0D5ZwnCtuXBiW4Idrg
716,df9sogcKZdeQ09h3_zioxAAcRT1g7hNCD40FcQ86U8dLImWpnxelRqj80nHfbWaD7cQw49YWmvTcEg
717,IEpEAGoa7k83wWt89S-gOWvmZG0d-GL__oE9p9YI8VfL0z5Pdsrp88XcMVNWrax437jGBKUWUBSkOg
718,-RBS11O1vDvv7KEMzx4DrB-6JSt-dM_Rc6PCIiYSd_pUDb6aUK-9ybmLs4DW9C7vPW3Eti8gLt-CvA
719,3B91cfZ8pyNlOR9U7rEoNqf6rnGDqVe2TcqN0wJEKm8DABBaJN_A4SfHo4ShJ__vFLDJIWn9XEOQEQ
720,a-Y8TGF8d0NqAk6Ko_WJI8S12HjdgCLelXffEJiP_gJrHEadkR0ZtpmutGQZJaj5LZkyfy1i9da3wg
721,KfB_a0103WiIF4XlDW3yMgqRkI8CxdCjWSNg8OPkDw3hIqEXheqYXVqzfAtmzCcK7X-kRqW5VdaCTg
722,NfBxdUdyb6wXxL5Doj4UcO4hIh-NXnpgjSMSErCBjDWkClqoicbxWplJanbowohn3c7b6PSdKMad1A
723,vEV4rId0HpJMZ8A9xtj6-_ccqrRE1nL7MdyUg9kkHm-mSRzXmLlQ6AqaX9Z5hmgRZsBK3MsInzxRqg
724,qFmvpJp3nv_XaRV2g8rbcEeCrQvrl5zZz99W-JBeF81z3qLI6E0nV5n-5uMxyBpizbCDhA88QVWOuQ
725,WHoKFV3O6PNJ75qd8KwdtpK611MXrTRo-fRh_EX6r9hoPapJWkIvVgrWADnHhzYAKTVOyjhZtBgoGw
726,Nto5V4SzlE70kS1MtaN_8EF9hvWh9goPv-ssXar_OFH7g8UxWDM5kCe1lIjrp0DuxLY03v46OMWOoQ
727,3Dj9r6FnD60kr_ZoTXAbAVb7Vb2DLZqPqJBI4lqb743I9TeWshmNWNBlXNLeRvJFsD8QsKG5QdzIwg
728,KpZh8adu6_zTtpuZsUPzsfCs3KceFp4EQ-6yUGtAyDrxCL3uOZclWjg3pfLfmdgVBxXXhwLAZukb0Q
729,gBA-Ms7Y37jtOuWzIjDF8nt9W1VzLVvSSXpbgGxqC4FbcI4ASIukAkV465kWVHZkPhoAKoZYPVgURg
730,KcjI-YtVShC4caI-WKUGzQNL-tx6pvD68fapI6N2oQo_FmdF8Quy7O-kPYmTBA_jnO98-YCGeklQqw
731,E0gT4-ULDqu94TW2HADoiCIV5xdF2u0MHidSH9MPkUgvfBSQ8lzOxo7KzEzPLzCuw7tdukyeOsyG9g
732,bxW0UWdp3trpEKfhPT4B4Dej5Rbn0wElbXgDeV1kPdD596h_HvxAhtOsXtACntUnAFiO8uZ63u-meA
733,28_KssZr4BuhzOsTjARnRiZdQp27BnNA-jJiw1W9mE_wg6Q33W_yxSDuhdJ6XfkQ1HToYNSzJ7WMUA
734,_mUrQGEh3Je-cQVkfKQ0WciyJzaFx5k_JdWj8Djte7C6csvOEm7ehv9ctA5Q9Ozo4Mi8ife7FbaAGg
735,t5hz8kiO54b48l9uJxNlvOmIutW__WyXHaw0rjwSWqIOKrT11-9xX0A7OKqzd9cDXfYclE9CncRwXQ
736,bBO3xVwRTDAZoWC3CY_GtF8dZ5E-Bkp2rG635CM8IcHltHorjis2b9E-BwjcDWRh4vdiy6PX-yCPow
737,Bz7oag42jPPb6ioLKbC4f2o8caMR07HwaunwqkRfxvuuOBwkB9BwyENM_tnbPqVgHhQ8QKqtcVTA7A
738,pf9qjFWgb9VBeCFkaox4alV7h7zV0lA27sKwJCG7gXombu0elTMe47yYXafOFhvmKWXVIPb0-YcFWA
739,fyYOCEwCmMfLySirBL3Uxrh2R6pok0GQDvJs68N9ki7hyoHGptGqrWdlEGS-X7Pu_Bx2bXOeqBYJqw
740,kdBcovxCZlL9v54Fu6qdVAF7mulgYA55S0p8aLE8qT1TemycVdOsn3UHZSpIEGiedPOsa68CqTWZ5w
741,n5rgMvZVRaYpKN9XxUlPs_yNVTXI8MZPx5t7BhYYMI5cdtjqwfuaauvwZ64ubZEat5rhNGqysb27Mg
742,92D9hul_PJj35DTbiy29yeo3gKg98OCs-kGdrYPQH1DN8t_E_ve5gtlw6WBQFSFCR8SBMH1zZzsOMQ
743,YFY-9BTKsc1eLsP7H67NC31f3gcrzuI1vTL_8MjIOtfQdlto_lVvKSaYkFJgy8600XvA_dQO5qXLeA
744,42u7DPNz3JgNpYfOZ5pHW2C80TyPr-2BeVEG7os3CG6Z82LB5PQnccWtl0-SCm6E5cizxP1dHzkT2w
745,tZmC8FW427lM_OiOpvAOKdBXWrst-_mdYqjyHoZVX8nLu4eYPRwM1QK3ZWcBThz0RBIv-dZ3I9CNoQ
746,0wWWZsA_z8tKlo0pr8BZxcscyxdLOTczafGgowSpCs93zmbQ6Mr1NRc_d_4pOpnrYk_6Bqsof9gtFg
747,BYXiQ0sQaOjv7cpu8A51S5X2eZTdMdiscBtXU1jPSB8kckOkNGLBhi5wqpf3Fa-P34bNRbORB398Kg
